,0
0,-9999
1,-9999
2,-9999
3,-9999
4,-9999
5,-9999
6,-9999
7,-9999
8,-9999
9,-9999
10,-9999
11,-9999
12,-9999
13,-9999
14,-9999
15,-9999
16,-9999
17,-9999
18,-9999
19,-9999
20,-9999
21,-9999
22,-9999
23,-9999
24,-9999
25,-9999
26,-9999
27,-9999
28,-9999
29,82
30,-9999
31,90
32,41
33,-9999
34,52
35,-9999
36,81
37,41
38,-9999
39,82
40,71
41,82
42,82
43,82
44,42
45,82
46,82
47,90
48,52
49,82
50,71
51,71
52,52
53,82
54,82
55,11
56,11
57,82
58,81
59,82
60,52
61,82
62,42
63,82
64,82
65,82
66,82
67,42
68,71
69,11
70,71
71,42
72,42
73,11
74,71
75,71
76,82
77,81
78,11
79,82
80,42
81,95
82,82
83,11
84,11
85,82
86,71
87,81
88,82
89,81
90,71
91,71
92,82
93,42
94,42
95,82
96,90
97,52
98,52
99,82
100,11
101,82
102,82
103,71
104,82
105,82
106,11
107,43
108,71
109,42
110,90
111,82
112,82
113,82
114,82
115,82
116,71
117,42
118,71
119,43
120,82
121,11
122,-9999
123,42
124,41
125,82
126,82
127,52
128,82
129,82
130,82
131,52
132,42
133,11
134,82
135,82
136,90
137,82
138,-9999
139,42
140,52
141,42
142,82
143,42
144,71
145,82
146,11
147,82
148,82
149,42
150,43
151,11
152,81
153,42
154,82
155,82
156,82
157,42
158,82
159,42
160,82
161,82
162,42
163,82
164,82
165,71
166,82
167,41
168,82
169,82
170,82
171,11
172,82
173,42
174,81
175,71
176,42
177,-9999
178,11
179,82
180,41
181,71
182,82
183,71
184,82
185,42
186,11
187,11
188,82
189,82
190,82
191,-9999
192,21
193,90
194,82
195,42
196,95
197,71
198,82
199,-9999
200,-9999
201,90
202,41
203,52
204,43
205,41
206,41
207,42
208,82
209,52
210,82
211,82
212,82
213,71
214,71
215,41
216,71
217,52
218,90
219,-9999
220,82
221,82
222,41
223,90
224,11
225,82
226,82
227,52
228,81
229,42
230,52
231,71
232,82
233,71
234,52
235,42
236,42
237,41
238,82
239,41
240,-9999
241,42
242,82
243,41
244,42
245,82
246,41
247,82
248,71
249,43
250,41
251,82
252,82
253,82
254,95
255,90
256,82
257,90
258,82
259,90
260,23
261,71
262,21
263,82
264,71
265,90
266,82
267,82
268,90
269,11
270,23
271,71
272,41
273,81
274,11
275,71
276,52
277,71
278,42
279,82
280,41
281,42
282,82
283,82
284,82
285,82
286,41
287,52
288,71
289,81
290,82
291,82
292,42
293,42
294,82
295,52
296,90
297,82
298,82
299,82
300,90
301,42
302,82
303,82
304,41
305,52
306,52
307,11
308,71
309,42
310,52
311,21
312,41
313,82
314,41
315,42
316,41
317,71
318,41
319,90
320,82
321,52
322,81
323,82
324,82
325,90
326,41
327,41
328,82
329,82
330,41
331,81
332,11
333,11
334,82
335,41
336,23
337,82
338,95
339,43
340,82
341,82
342,82
343,11
344,42
345,82
346,82
347,82
348,11
349,42
350,-9999
351,11
352,82
353,43
354,43
355,52
356,81
357,82
358,82
359,82
360,41
361,82
362,41
363,82
364,11
365,52
366,81
367,42
368,42
369,82
370,41
371,82
372,90
373,41
374,81
375,82
376,82
377,41
378,82
379,82
380,81
381,81
382,82
383,81
384,82
385,71
386,-9999
387,82
388,82
389,82
390,82
391,41
392,41
393,82
394,43
395,82
396,-9999
397,71
398,71
399,-9999
400,82
401,82
402,82
403,-9999
404,90
405,41
406,82
407,82
408,82
409,82
410,82
411,82
412,82
413,-9999
414,82
415,82
416,42
417,82
418,82
419,82
420,11
421,-9999
422,11
423,41
424,82
425,11
426,82
427,82
428,82
429,81
430,82
431,11
432,82
433,41
434,52
435,82
436,-9999
437,52
438,43
439,52
440,43
441,81
442,90
443,82
444,81
445,82
446,82
447,11
448,43
449,90
450,82
451,82
452,90
453,82
454,82
455,42
456,71
457,82
458,41
459,71
460,82
461,82
462,82
463,82
464,11
465,81
466,41
467,90
468,82
469,42
470,82
471,71
472,43
473,90
474,11
475,52
476,82
477,42
478,82
479,82
480,82
481,82
482,82
483,90
484,41
485,41
486,82
487,11
488,43
489,82
490,82
491,82
492,82
493,82
494,82
495,81
496,41
497,41
498,82
499,11
500,82
501,41
502,43
503,82
504,43
505,81
506,52
507,82
508,82
509,82
510,82
511,22
512,82
513,82
514,41
515,71
516,82
517,82
518,82
519,82
520,43
521,52
522,90
523,82
524,11
525,90
526,90
527,82
528,82
529,71
530,71
531,82
532,82
533,43
534,52
535,90
536,82
537,71
538,82
539,82
540,82
541,11
542,42
543,22
544,71
545,42
546,82
547,90
548,82
549,82
550,82
551,11
552,81
553,52
554,71
555,-9999
556,43
557,41
558,82
559,90
560,41
561,43
562,90
563,41
564,52
565,52
566,82
567,41
568,81
569,82
570,82
571,82
572,82
573,82
574,43
575,41
576,82
577,82
578,11
579,82
580,41
581,41
582,82
583,22
584,82
585,41
586,71
587,82
588,71
589,82
590,82
591,41
592,82
593,-9999
594,82
595,82
596,43
597,82
598,82
599,43
600,41
601,82
602,82
603,41
604,81
605,82
606,82
607,82
608,82
609,81
610,41
611,41
612,82
613,23
614,43
615,82
616,21
617,41
618,41
619,82
620,82
621,82
622,82
623,90
624,43
625,82
626,11
627,41
628,81
629,41
630,52
631,52
632,43
633,71
634,43
635,82
636,82
637,41
638,41
639,82
640,42
641,82
642,43
643,82
644,82
645,81
646,82
647,82
648,82
649,82
650,82
651,82
652,41
653,82
654,41
655,82
656,82
657,82
658,82
659,82
660,90
661,41
662,82
663,41
664,82
665,90
666,11
667,82
668,82
669,82
670,41
671,41
672,42
673,41
674,82
675,82
676,82
677,82
678,82
679,82
680,82
681,82
682,82
683,90
684,11
685,42
686,82
687,82
688,82
689,82
690,90
691,11
692,42
693,82
694,82
695,71
696,82
697,82
698,82
699,82
700,11
701,82
702,82
703,42
704,82
705,41
706,43
707,43
708,71
709,82
710,82
711,41
712,11
713,52
714,82
715,42
716,42
717,82
718,52
719,41
720,90
721,41
722,82
723,82
724,11
725,42
726,82
727,82
728,82
729,41
730,82
731,82
732,82
733,82
734,82
735,11
736,82
737,82
738,82
739,81
740,52
741,82
742,82
743,81
744,81
745,82
746,42
747,82
748,82
749,52
750,82
751,41
752,41
753,82
754,22
755,52
756,82
757,52
758,82
759,41
760,41
761,82
762,11
763,42
764,41
765,82
766,43
767,42
768,82
769,41
770,82
771,82
772,82
773,41
774,82
775,41
776,82
777,82
778,11
779,22
780,41
781,11
782,11
783,95
784,41
785,81
786,82
787,82
788,82
789,82
790,41
791,71
792,82
793,81
794,82
795,21
796,82
797,82
798,82
799,82
800,81
801,21
802,82
803,82
804,82
805,82
806,41
807,82
808,41
809,82
810,82
811,82
812,82
813,82
814,82
815,82
816,82
817,42
818,42
819,43
820,23
821,82
822,82
823,82
824,41
825,82
826,41
827,41
828,82
829,42
830,82
831,82
832,41
833,11
834,82
835,21
836,90
837,82
838,82
839,82
840,11
841,42
842,82
843,82
844,43
845,71
846,82
847,82
848,82
849,11
850,82
851,22
852,41
853,82
854,71
855,42
856,22
857,82
858,41
859,43
860,82
861,82
862,82
863,11
864,82
865,82
866,82
867,11
868,82
869,82
870,41
871,42
872,82
873,82
874,82
875,82
876,41
877,71
878,82
879,82
880,82
881,82
882,71
883,82
884,82
885,82
886,43
887,82
888,82
889,11
890,41
891,82
892,82
893,82
894,81
895,43
896,82
897,82
898,82
899,41
900,90
901,52
902,82
903,82
904,82
905,82
906,71
907,82
908,82
909,82
910,41
911,41
912,82
913,82
914,82
915,42
916,82
917,82
918,71
919,82
920,82
921,41
922,90
923,82
924,41
925,43
926,42
927,52
928,82
929,82
930,41
931,41
932,82
933,82
934,22
935,82
936,42
937,82
938,41
939,82
940,82
941,82
942,82
943,41
944,82
945,82
946,41
947,71
948,82
949,82
950,43
951,82
952,82
953,82
954,82
955,41
956,41
957,52
958,82
959,82
960,42
961,43
962,82
963,82
964,81
965,71
966,41
967,81
968,71
969,82
970,42
971,43
972,52
973,82
974,82
975,82
976,82
977,52
978,81
979,81
980,22
981,71
982,82
983,82
984,82
985,82
986,82
987,81
988,82
989,82
990,22
991,82
992,82
993,71
994,82
995,82
996,82
997,82
998,82
999,82
1000,82
1001,43
1002,82
1003,71
1004,82
1005,82
1006,82
1007,82
1008,82
1009,82
1010,82
1011,82
1012,82
1013,82
1014,71
1015,95
1016,82
1017,82
1018,41
1019,82
1020,82
1021,82
1022,43
1023,82
1024,82
1025,82
1026,82
1027,82
1028,82
1029,82
1030,82
1031,41
1032,82
1033,41
1034,71
1035,82
1036,82
1037,81
1038,82
1039,82
1040,82
1041,81
1042,81
1043,82
1044,82
1045,43
1046,82
1047,82
1048,82
1049,82
1050,82
1051,82
1052,82
1053,82
1054,82
1055,82
1056,81
1057,42
1058,82
1059,82
1060,41
1061,41
1062,82
1063,82
1064,82
1065,41
1066,42
1067,22
1068,82
1069,82
1070,82
1071,43
1072,71
1073,82
1074,90
1075,82
1076,82
1077,82
1078,81
1079,42
1080,43
1081,42
1082,82
1083,82
1084,82
1085,22
1086,82
1087,82
1088,41
1089,24
1090,41
1091,82
1092,41
1093,82
1094,82
1095,82
1096,82
1097,11
1098,90
1099,82
1100,81
1101,82
1102,41
1103,90
1104,41
1105,11
1106,41
1107,82
1108,82
1109,11
1110,41
1111,71
1112,82
1113,82
1114,82
1115,82
1116,82
1117,41
1118,82
1119,41
1120,82
1121,82
1122,82
1123,41
1124,82
1125,82
1126,82
1127,41
1128,41
1129,-9999
1130,41
1131,41
1132,82
1133,82
1134,82
1135,23
1136,82
1137,41
1138,41
1139,41
1140,22
1141,82
1142,41
1143,82
1144,41
1145,82
1146,82
1147,41
1148,52
1149,71
1150,82
1151,11
1152,41
1153,41
1154,41
1155,23
1156,81
1157,21
1158,21
1159,82
1160,82
1161,82
1162,82
1163,22
1164,41
1165,82
1166,82
1167,41
1168,22
1169,82
1170,82
1171,41
1172,41
1173,82
1174,82
1175,41
1176,41
1177,41
1178,82
1179,41
1180,41
1181,82
1182,82
1183,41
1184,41
1185,82
1186,41
1187,81
1188,82
1189,41
1190,81
1191,82
1192,41
1193,82
1194,22
1195,41
1196,41
1197,82
1198,82
1199,41
1200,82
1201,41
1202,82
1203,52
1204,82
1205,82
1206,82
1207,82
1208,41
1209,41
1210,82
1211,90
1212,41
1213,41
1214,41
1215,82
1216,82
1217,82
1218,82
1219,82
1220,90
1221,82
1222,82
1223,82
1224,41
1225,41
1226,82
1227,82
1228,41
1229,71
1230,82
1231,21
1232,81
1233,82
1234,90
1235,82
1236,41
1237,41
1238,42
1239,82
1240,82
1241,82
1242,82
1243,82
1244,43
1245,82
1246,82
1247,82
1248,41
1249,82
1250,82
1251,41
1252,82
1253,82
1254,82
1255,82
1256,82
1257,82
1258,82
1259,21
1260,41
1261,82
1262,82
1263,82
1264,90
1265,82
1266,82
1267,90
1268,52
1269,82
1270,41
1271,82
1272,82
1273,82
1274,41
1275,82
1276,82
1277,82
1278,41
1279,82
1280,82
1281,41
1282,82
1283,41
1284,41
1285,81
1286,82
1287,82
1288,41
1289,41
1290,41
1291,41
1292,52
1293,82
1294,41
1295,82
1296,82
1297,41
1298,81
1299,43
1300,82
1301,41
1302,82
1303,41
1304,41
1305,81
1306,82
1307,82
1308,41
1309,82
1310,82
1311,82
1312,43
1313,82
1314,82
1315,82
1316,82
1317,82
1318,82
1319,41
1320,82
1321,82
1322,11
1323,41
1324,82
1325,82
1326,82
1327,82
1328,52
1329,52
1330,82
1331,41
1332,41
1333,82
1334,81
1335,41
1336,71
1337,82
1338,90
1339,82
1340,22
1341,41
1342,11
1343,41
1344,41
1345,41
1346,41
1347,82
1348,82
1349,22
1350,82
1351,82
1352,21
1353,41
1354,82
1355,82
1356,52
1357,82
1358,41
1359,41
1360,82
1361,82
1362,41
1363,82
1364,41
1365,41
1366,41
1367,41
1368,82
1369,41
1370,82
1371,41
1372,82
1373,82
1374,82
1375,41
1376,71
1377,82
1378,82
1379,82
1380,52
1381,82
1382,41
1383,82
1384,82
1385,82
1386,41
1387,41
1388,82
1389,82
1390,41
1391,52
1392,41
1393,82
1394,71
1395,82
1396,82
1397,41
1398,43
1399,82
1400,41
1401,82
1402,82
1403,41
1404,82
1405,82
1406,82
1407,41
1408,41
1409,41
1410,41
1411,22
1412,82
1413,82
1414,11
1415,95
1416,82
1417,41
1418,82
1419,82
1420,82
1421,41
1422,82
1423,41
1424,71
1425,82
1426,90
1427,41
1428,41
1429,95
1430,41
1431,41
1432,43
1433,82
1434,82
1435,82
1436,82
1437,82
1438,82
1439,41
1440,82
1441,82
1442,22
1443,52
1444,82
1445,82
1446,82
1447,82
1448,82
1449,41
1450,41
1451,82
1452,82
1453,82
1454,82
1455,82
1456,82
1457,41
1458,-9999
1459,82
1460,82
1461,42
1462,82
1463,82
1464,82
1465,41
1466,52
1467,71
1468,82
1469,82
1470,41
1471,82
1472,82
1473,82
1474,82
1475,82
1476,82
1477,82
1478,82
1479,82
1480,82
1481,41
1482,81
1483,41
1484,82
1485,41
1486,52
1487,52
1488,71
1489,82
1490,82
1491,82
1492,22
1493,82
1494,82
1495,41
1496,41
1497,11
1498,41
1499,82
1500,82
1501,41
1502,41
1503,82
1504,82
1505,82
1506,82
1507,82
1508,41
1509,82
1510,82
1511,82
1512,82
1513,41
1514,41
1515,82
1516,82
1517,82
1518,82
1519,-9999
1520,42
1521,41
1522,71
1523,82
1524,82
1525,41
1526,71
1527,71
1528,41
1529,82
1530,43
1531,82
1532,82
1533,82
1534,82
1535,22
1536,82
1537,71
1538,82
1539,82
1540,41
1541,41
1542,82
1543,82
1544,82
1545,82
1546,41
1547,82
1548,82
1549,41
1550,71
1551,95
1552,82
1553,82
1554,82
1555,82
1556,82
1557,82
1558,81
1559,71
1560,82
1561,82
1562,82
1563,82
1564,41
1565,41
1566,82
1567,41
1568,82
1569,52
1570,82
1571,41
1572,41
1573,82
1574,11
1575,82
1576,82
1577,41
1578,82
1579,82
1580,82
1581,82
1582,82
1583,82
1584,82
1585,41
1586,41
1587,82
1588,82
1589,41
1590,82
1591,81
1592,-9999
1593,82
1594,41
1595,11
1596,82
1597,41
1598,41
1599,82
1600,81
1601,81
1602,82
1603,41
1604,82
1605,82
1606,82
1607,82
1608,82
1609,82
1610,41
1611,41
1612,82
1613,41
1614,82
1615,82
1616,41
1617,82
1618,82
1619,81
1620,82
1621,41
1622,71
1623,82
1624,82
1625,81
1626,22
1627,82
1628,82
1629,82
1630,82
1631,81
1632,82
1633,82
1634,82
1635,82
1636,82
1637,41
1638,82
1639,82
1640,41
1641,52
1642,82
1643,82
1644,82
1645,82
1646,23
1647,82
1648,41
1649,82
1650,42
1651,41
1652,82
1653,82
1654,82
1655,82
1656,81
1657,41
1658,41
1659,82
1660,82
1661,82
1662,82
1663,41
1664,43
1665,41
1666,81
1667,82
1668,82
1669,82
1670,82
1671,82
1672,82
1673,82
1674,82
1675,82
1676,82
1677,82
1678,82
1679,82
1680,23
1681,41
1682,82
1683,82
1684,82
1685,82
1686,52
1687,41
1688,82
1689,41
1690,41
1691,82
1692,82
1693,82
1694,82
1695,41
1696,41
1697,82
1698,82
1699,41
1700,41
1701,82
1702,82
1703,82
1704,82
1705,41
1706,41
1707,82
1708,82
1709,82
1710,82
1711,41
1712,82
1713,82
1714,82
1715,41
1716,82
1717,82
1718,82
1719,82
1720,82
1721,82
1722,41
1723,52
1724,41
1725,81
1726,81
1727,81
1728,82
1729,82
1730,81
1731,41
1732,82
1733,82
1734,82
1735,22
1736,82
1737,81
1738,82
1739,82
1740,82
1741,82
1742,41
1743,82
1744,42
1745,41
1746,82
1747,41
1748,82
1749,82
1750,82
1751,41
1752,81
1753,82
1754,82
1755,52
1756,82
1757,82
1758,82
1759,41
1760,41
1761,41
1762,41
1763,41
1764,41
1765,82
1766,81
1767,71
1768,82
1769,82
1770,41
1771,71
1772,82
1773,82
1774,41
1775,41
1776,82
1777,82
1778,82
1779,82
1780,82
1781,41
1782,81
1783,82
1784,41
1785,41
1786,82
1787,82
1788,82
1789,41
1790,82
1791,82
1792,41
1793,31
1794,82
1795,82
1796,82
1797,41
1798,82
1799,82
1800,22
1801,82
1802,41
1803,82
1804,41
1805,82
1806,82
1807,82
1808,41
1809,41
1810,82
1811,82
1812,82
1813,41
1814,82
1815,42
1816,52
1817,82
1818,82
1819,82
1820,41
1821,41
1822,71
1823,82
1824,41
1825,82
1826,82
1827,82
1828,82
1829,41
1830,82
1831,81
1832,41
1833,82
1834,81
1835,41
1836,52
1837,82
1838,82
1839,81
1840,82
1841,81
1842,82
1843,82
1844,82
1845,82
1846,82
1847,81
1848,82
1849,82
1850,82
1851,82
1852,82
1853,82
1854,82
1855,41
1856,41
1857,52
1858,82
1859,82
1860,41
1861,41
1862,82
1863,82
1864,41
1865,82
1866,82
1867,82
1868,82
1869,41
1870,22
1871,82
1872,82
1873,82
1874,82
1875,82
1876,82
1877,41
1878,42
1879,82
1880,82
1881,41
1882,82
1883,82
1884,82
1885,82
1886,41
1887,82
1888,41
1889,41
1890,82
1891,42
1892,82
1893,82
1894,23
1895,42
1896,52
1897,82
1898,82
1899,82
1900,82
1901,82
1902,82
1903,82
1904,82
1905,82
1906,82
1907,82
1908,82
1909,82
1910,41
1911,41
1912,81
1913,41
1914,82
1915,41
1916,82
1917,22
1918,82
1919,52
1920,82
1921,82
1922,82
1923,82
1924,82
1925,81
1926,41
1927,71
1928,82
1929,82
1930,82
1931,52
1932,22
1933,81
1934,82
1935,82
1936,52
1937,81
1938,82
1939,71
1940,82
1941,82
1942,82
1943,22
1944,82
1945,82
1946,82
1947,82
1948,52
1949,71
1950,82
1951,82
1952,82
1953,82
1954,42
1955,82
1956,82
1957,82
1958,41
1959,81
1960,82
1961,82
1962,82
1963,41
1964,82
1965,41
1966,42
1967,82
1968,82
1969,82
1970,41
1971,41
1972,95
1973,82
1974,41
1975,82
1976,71
1977,71
1978,81
1979,21
1980,52
1981,82
1982,71
1983,82
1984,82
1985,82
1986,41
1987,41
1988,11
1989,52
1990,82
1991,82
1992,82
1993,82
1994,82
1995,82
1996,41
1997,82
1998,81
1999,41
2000,82
2001,82
2002,82
2003,82
2004,82
2005,81
2006,82
2007,82
2008,71
2009,82
2010,41
2011,81
2012,42
2013,42
2014,82
2015,81
2016,41
2017,23
2018,82
2019,41
2020,82
2021,81
2022,41
2023,41
2024,82
2025,41
2026,81
2027,82
2028,82
2029,82
2030,82
2031,82
2032,82
2033,82
2034,82
2035,82
2036,82
2037,82
2038,81
2039,42
2040,82
2041,82
2042,82
2043,82
2044,82
2045,82
2046,42
2047,82
2048,71
2049,81
2050,71
2051,82
2052,41
2053,82
2054,82
2055,41
2056,81
2057,82
2058,82
2059,81
2060,82
2061,82
2062,41
2063,71
2064,82
2065,81
2066,82
2067,82
2068,41
2069,82
2070,81
2071,81
2072,82
2073,41
2074,82
2075,82
2076,82
2077,82
2078,81
2079,81
2080,82
2081,82
2082,52
2083,82
2084,82
2085,82
2086,42
2087,81
2088,82
2089,82
2090,82
2091,41
2092,41
2093,41
2094,82
2095,82
2096,82
2097,82
2098,82
2099,21
2100,11
2101,71
2102,82
2103,82
2104,82
2105,82
2106,41
2107,42
2108,52
2109,82
2110,41
2111,42
2112,42
2113,82
2114,82
2115,41
2116,82
2117,41
2118,82
2119,82
2120,82
2121,81
2122,82
2123,82
2124,52
2125,52
2126,82
2127,82
2128,82
2129,41
2130,82
2131,82
2132,82
2133,82
2134,82
2135,82
2136,41
2137,81
2138,82
2139,21
2140,52
2141,82
2142,82
2143,41
2144,82
2145,82
2146,82
2147,82
2148,82
2149,82
2150,42
2151,81
2152,82
2153,41
2154,41
2155,82
2156,21
2157,52
2158,82
2159,11
2160,82
2161,82
2162,82
2163,82
2164,41
2165,41
2166,82
2167,82
2168,81
2169,41
2170,41
2171,81
2172,82
2173,82
2174,41
2175,41
2176,82
2177,11
2178,81
2179,81
2180,41
2181,52
2182,41
2183,82
2184,41
2185,82
2186,82
2187,82
2188,82
2189,41
2190,42
2191,81
2192,41
2193,82
2194,41
2195,82
2196,41
2197,82
2198,82
2199,11
2200,42
2201,52
2202,71
2203,81
2204,82
2205,52
2206,81
2207,41
2208,82
2209,82
2210,82
2211,71
2212,82
2213,23
2214,81
2215,81
2216,82
2217,41
2218,42
2219,52
2220,52
2221,41
2222,82
2223,41
2224,82
2225,82
2226,82
2227,41
2228,82
2229,41
2230,41
2231,52
2232,81
2233,82
2234,82
2235,81
2236,82
2237,41
2238,41
2239,81
2240,82
2241,82
2242,82
2243,41
2244,42
2245,82
2246,82
2247,82
2248,82
2249,41
2250,82
2251,41
2252,52
2253,42
2254,82
2255,82
2256,41
2257,82
2258,82
2259,71
2260,82
2261,82
2262,41
2263,42
2264,52
2265,41
2266,82
2267,95
2268,71
2269,82
2270,82
2271,82
2272,82
2273,41
2274,81
2275,82
2276,52
2277,82
2278,82
2279,82
2280,82
2281,52
2282,82
2283,82
2284,11
2285,82
2286,82
2287,82
2288,41
2289,81
2290,81
2291,82
2292,82
2293,41
2294,81
2295,81
2296,82
2297,82
2298,41
2299,41
2300,41
2301,43
2302,22
2303,71
2304,82
2305,41
2306,41
2307,81
2308,42
2309,41
2310,52
2311,82
2312,82
2313,82
2314,41
2315,82
2316,71
2317,82
2318,95
2319,71
2320,41
2321,82
2322,22
2323,41
2324,82
2325,41
2326,82
2327,11
2328,82
2329,82
2330,82
2331,82
2332,41
2333,41
2334,82
2335,41
2336,41
2337,82
2338,82
2339,82
2340,41
2341,82
2342,82
2343,82
2344,81
2345,52
2346,82
2347,11
2348,52
2349,71
2350,81
2351,41
2352,41
2353,82
2354,71
2355,82
2356,41
2357,41
2358,82
2359,82
2360,82
2361,41
2362,41
2363,82
2364,82
2365,41
2366,82
2367,81
2368,82
2369,82
2370,82
2371,41
2372,41
2373,81
2374,42
2375,82
2376,82
2377,82
2378,82
2379,52
2380,41
2381,71
2382,82
2383,82
2384,52
2385,81
2386,41
2387,81
2388,82
2389,82
2390,41
2391,52
2392,52
2393,41
2394,82
2395,41
2396,41
2397,81
2398,82
2399,11
2400,82
2401,41
2402,82
2403,52
2404,82
2405,82
2406,82
2407,81
2408,42
2409,71
2410,82
2411,82
2412,82
2413,71
2414,81
2415,81
2416,82
2417,41
2418,71
2419,82
2420,41
2421,11
2422,81
2423,81
2424,82
2425,82
2426,82
2427,41
2428,41
2429,41
2430,90
2431,81
2432,71
2433,82
2434,82
2435,41
2436,71
2437,81
2438,82
2439,81
2440,71
2441,81
2442,82
2443,41
2444,82
2445,71
2446,82
2447,82
2448,81
2449,52
2450,82
2451,82
2452,52
2453,81
2454,81
2455,41
2456,41
2457,41
2458,82
2459,52
2460,21
2461,41
2462,41
2463,42
2464,82
2465,81
2466,11
2467,81
2468,41
2469,52
2470,52
2471,82
2472,81
2473,82
2474,82
2475,82
2476,52
2477,82
2478,81
2479,82
2480,41
2481,82
2482,42
2483,71
2484,82
2485,82
2486,82
2487,81
2488,41
2489,81
2490,42
2491,41
2492,71
2493,71
2494,82
2495,81
2496,81
2497,43
2498,82
2499,82
2500,82
2501,81
2502,71
2503,52
2504,82
2505,42
2506,81
2507,41
2508,82
2509,81
2510,42
2511,81
2512,81
2513,82
2514,81
2515,71
2516,82
2517,82
2518,81
2519,81
2520,82
2521,82
2522,41
2523,81
2524,82
2525,82
2526,41
2527,41
2528,82
2529,41
2530,41
2531,42
2532,82
2533,41
2534,82
2535,41
2536,41
2537,52
2538,81
2539,82
2540,81
2541,81
2542,81
2543,41
2544,82
2545,41
2546,42
2547,71
2548,82
2549,82
2550,41
2551,11
2552,82
2553,41
2554,41
2555,41
2556,41
2557,82
2558,82
2559,81
2560,41
2561,41
2562,41
2563,41
2564,71
2565,90
2566,82
2567,82
2568,82
2569,82
2570,71
2571,81
2572,82
2573,52
2574,81
2575,82
2576,82
2577,82
2578,82
2579,71
2580,82
2581,82
2582,82
2583,41
2584,82
2585,81
2586,42
2587,71
2588,82
2589,41
2590,82
2591,41
2592,82
2593,41
2594,82
2595,82
2596,41
2597,41
2598,81
2599,82
2600,71
2601,52
2602,82
2603,82
2604,41
2605,41
2606,71
2607,41
2608,42
2609,82
2610,81
2611,41
2612,82
2613,82
2614,81
2615,41
2616,82
2617,41
2618,82
2619,81
2620,82
2621,82
2622,82
2623,52
2624,82
2625,82
2626,11
2627,41
2628,82
2629,41
2630,41
2631,41
2632,41
2633,71
2634,82
2635,82
2636,31
2637,71
2638,81
2639,82
2640,41
2641,41
2642,82
2643,81
2644,81
2645,82
2646,82
2647,41
2648,90
2649,82
2650,82
2651,82
2652,41
2653,52
2654,81
2655,82
2656,52
2657,81
2658,81
2659,81
2660,41
2661,22
2662,82
2663,82
2664,41
2665,81
2666,41
2667,22
2668,52
2669,41
2670,41
2671,81
2672,41
2673,52
2674,71
2675,82
2676,41
2677,82
2678,82
2679,41
2680,82
2681,81
2682,82
2683,81
2684,41
2685,82
2686,81
2687,82
2688,52
2689,41
2690,82
2691,41
2692,81
2693,11
2694,41
2695,41
2696,82
2697,82
2698,41
2699,82
2700,82
2701,81
2702,41
2703,52
2704,41
2705,41
2706,42
2707,71
2708,71
2709,82
2710,41
2711,41
2712,42
2713,82
2714,81
2715,81
2716,52
2717,41
2718,41
2719,71
2720,41
2721,82
2722,81
2723,41
2724,42
2725,81
2726,41
2727,41
2728,82
2729,81
2730,41
2731,41
2732,82
2733,42
2734,82
2735,81
2736,81
2737,81
2738,81
2739,41
2740,71
2741,82
2742,81
2743,42
2744,41
2745,81
2746,52
2747,82
2748,82
2749,82
2750,41
2751,81
2752,41
2753,82
2754,41
2755,41
2756,82
2757,82
2758,41
2759,41
2760,82
2761,11
2762,41
2763,41
2764,82
2765,82
2766,41
2767,41
2768,52
2769,82
2770,41
2771,41
2772,41
2773,82
2774,81
2775,81
2776,81
2777,42
2778,82
2779,81
2780,41
2781,42
2782,41
2783,41
2784,82
2785,41
2786,81
2787,82
2788,41
2789,41
2790,41
2791,43
2792,81
2793,22
2794,81
2795,82
2796,42
2797,82
2798,71
2799,82
2800,82
2801,41
2802,41
2803,82
2804,81
2805,41
2806,82
2807,82
2808,81
2809,41
2810,82
2811,81
2812,41
2813,42
2814,41
2815,52
2816,71
2817,22
2818,42
2819,81
2820,82
2821,41
2822,43
2823,82
2824,41
2825,52
2826,82
2827,81
2828,81
2829,41
2830,81
2831,82
2832,81
2833,41
2834,82
2835,81
2836,41
2837,41
2838,41
2839,43
2840,41
2841,41
2842,11
2843,81
2844,82
2845,81
2846,41
2847,41
2848,81
2849,41
2850,41
2851,41
2852,82
2853,82
2854,82
2855,81
2856,42
2857,81
2858,81
2859,82
2860,81
2861,52
2862,81
2863,81
2864,81
2865,82
2866,82
2867,82
2868,71
2869,82
2870,81
2871,81
2872,41
2873,52
2874,41
2875,52
2876,81
2877,81
2878,41
2879,82
2880,81
2881,43
2882,41
2883,41
2884,41
2885,43
2886,82
2887,82
2888,90
2889,81
2890,52
2891,81
2892,82
2893,23
2894,52
2895,42
2896,81
2897,41
2898,52
2899,81
2900,41
2901,41
2902,82
2903,41
2904,82
2905,82
2906,81
2907,41
2908,82
2909,41
2910,52
2911,82
2912,82
2913,41
2914,41
2915,82
2916,81
2917,81
2918,11
2919,41
2920,71
2921,41
2922,71
2923,82
2924,43
2925,82
2926,82
2927,81
2928,82
2929,81
2930,52
2931,82
2932,41
2933,82
2934,42
2935,41
2936,82
2937,41
2938,43
2939,41
2940,41
2941,82
2942,41
2943,42
2944,81
2945,82
2946,82
2947,82
2948,82
2949,81
2950,41
2951,41
2952,41
2953,81
2954,82
2955,82
2956,43
2957,52
2958,71
2959,81
2960,81
2961,43
2962,71
2963,42
2964,81
2965,41
2966,82
2967,82
2968,41
2969,81
2970,81
2971,81
2972,41
2973,41
2974,82
2975,82
2976,81
2977,41
2978,82
2979,81
2980,41
2981,41
2982,41
2983,43
2984,71
2985,52
2986,41
2987,71
2988,82
2989,82
2990,82
2991,82
2992,52
2993,41
2994,52
2995,71
2996,71
2997,90
2998,41
2999,41
3000,82
3001,41
3002,81
3003,41
3004,82
3005,71
3006,81
3007,41
3008,41
3009,81
3010,21
3011,81
3012,41
3013,82
3014,82
3015,42
3016,81
3017,82
3018,41
3019,81
3020,41
3021,71
3022,81
3023,71
3024,82
3025,71
3026,82
3027,82
3028,71
3029,41
3030,41
3031,41
3032,82
3033,41
3034,82
3035,82
3036,42
3037,42
3038,81
3039,82
3040,41
3041,41
3042,52
3043,23
3044,52
3045,82
3046,41
3047,82
3048,41
3049,41
3050,71
3051,41
3052,41
3053,43
3054,71
3055,82
3056,81
3057,22
3058,81
3059,41
3060,42
3061,82
3062,52
3063,21
3064,81
3065,41
3066,41
3067,81
3068,82
3069,82
3070,82
3071,71
3072,81
3073,82
3074,82
3075,82
3076,81
3077,41
3078,82
3079,71
3080,81
3081,41
3082,41
3083,52
3084,71
3085,52
3086,82
3087,41
3088,41
3089,71
3090,41
3091,81
3092,21
3093,41
3094,41
3095,82
3096,82
3097,82
3098,82
3099,82
3100,41
3101,21
3102,82
3103,41
3104,82
3105,11
3106,41
3107,71
3108,52
3109,81
3110,41
3111,43
3112,71
3113,82
3114,82
3115,81
3116,52
3117,82
3118,81
3119,43
3120,90
3121,71
3122,82
3123,41
3124,82
3125,82
3126,21
3127,52
3128,81
3129,41
3130,41
3131,52
3132,82
3133,82
3134,82
3135,81
3136,42
3137,82
3138,82
3139,82
3140,82
3141,71
3142,41
3143,41
3144,52
3145,43
3146,42
3147,81
3148,82
3149,41
3150,81
3151,81
3152,21
3153,41
3154,82
3155,82
3156,41
3157,82
3158,41
3159,82
3160,82
3161,52
3162,82
3163,41
3164,81
3165,82
3166,82
3167,41
3168,71
3169,42
3170,71
3171,41
3172,81
3173,11
3174,81
3175,71
3176,41
3177,41
3178,41
3179,82
3180,82
3181,71
3182,41
3183,71
3184,82
3185,71
3186,81
3187,41
3188,82
3189,21
3190,41
3191,82
3192,41
3193,41
3194,41
3195,81
3196,52
3197,42
3198,81
3199,22
3200,82
3201,82
3202,82
3203,82
3204,41
3205,90
3206,82
3207,42
3208,81
3209,81
3210,90
3211,71
3212,41
3213,71
3214,41
3215,41
3216,41
3217,52
3218,82
3219,41
3220,52
3221,41
3222,41
3223,82
3224,82
3225,41
3226,41
3227,82
3228,81
3229,82
3230,82
3231,82
3232,52
3233,71
3234,41
3235,71
3236,81
3237,71
3238,52
3239,81
3240,71
3241,82
3242,82
3243,81
3244,41
3245,81
3246,52
3247,82
3248,81
3249,41
3250,41
3251,71
3252,52
3253,82
3254,71
3255,82
3256,41
3257,31
3258,52
3259,52
3260,41
3261,82
3262,41
3263,41
3264,82
3265,41
3266,82
3267,52
3268,82
3269,-9999
3270,71
3271,82
3272,41
3273,41
3274,81
3275,81
3276,82
3277,52
3278,41
3279,82
3280,81
3281,82
3282,82
3283,90
3284,71
3285,43
3286,82
3287,42
3288,71
3289,42
3290,81
3291,82
3292,41
3293,23
3294,82
3295,81
3296,90
3297,82
3298,81
3299,42
3300,81
3301,82
3302,43
3303,81
3304,71
3305,22
3306,81
3307,81
3308,41
3309,41
3310,42
3311,71
3312,81
3313,81
3314,81
3315,81
3316,41
3317,81
3318,81
3319,81
3320,41
3321,82
3322,82
3323,71
3324,71
3325,82
3326,71
3327,82
3328,71
3329,81
3330,41
3331,71
3332,42
3333,41
3334,82
3335,41
3336,82
3337,81
3338,42
3339,82
3340,81
3341,41
3342,42
3343,82
3344,52
3345,41
3346,41
3347,81
3348,41
3349,22
3350,52
3351,41
3352,41
3353,71
3354,81
3355,82
3356,81
3357,22
3358,71
3359,41
3360,42
3361,81
3362,41
3363,41
3364,71
3365,82
3366,41
3367,42
3368,81
3369,81
3370,82
3371,82
3372,21
3373,52
3374,82
3375,41
3376,52
3377,81
3378,82
3379,82
3380,11
3381,43
3382,71
3383,82
3384,82
3385,81
3386,42
3387,81
3388,81
3389,41
3390,41
3391,41
3392,71
3393,52
3394,41
3395,22
3396,42
3397,52
3398,81
3399,82
3400,41
3401,41
3402,90
3403,11
3404,41
3405,41
3406,21
3407,41
3408,43
3409,52
3410,82
3411,82
3412,41
3413,81
3414,41
3415,41
3416,43
3417,41
3418,81
3419,41
3420,52
3421,71
3422,52
3423,22
3424,43
3425,41
3426,81
3427,82
3428,43
3429,52
3430,82
3431,41
3432,71
3433,81
3434,22
3435,11
3436,52
3437,52
3438,41
3439,52
3440,71
3441,81
3442,81
3443,42
3444,52
3445,82
3446,71
3447,41
3448,90
3449,42
3450,43
3451,82
3452,52
3453,81
3454,81
3455,42
3456,90
3457,52
3458,82
3459,71
3460,21
3461,41
3462,52
3463,82
3464,81
3465,81
3466,42
3467,82
3468,42
3469,52
3470,41
3471,42
3472,81
3473,82
3474,42
3475,82
3476,22
3477,52
3478,71
3479,41
3480,42
3481,90
3482,11
3483,81
3484,21
3485,82
3486,52
3487,42
3488,52
3489,81
3490,41
3491,42
3492,82
3493,82
3494,71
3495,71
3496,42
3497,41
3498,71
3499,71
3500,11
3501,71
3502,81
3503,82
3504,82
3505,82
3506,82
3507,90
3508,81
3509,71
3510,82
3511,82
3512,52
3513,52
3514,82
3515,42
3516,71
3517,71
3518,71
3519,41
3520,41
3521,11
3522,41
3523,43
3524,52
3525,71
3526,81
3527,52
3528,52
3529,81
3530,42
3531,81
3532,90
3533,82
3534,41
3535,82
3536,82
3537,81
3538,41
3539,81
3540,52
3541,82
3542,71
3543,41
3544,71
3545,52
3546,82
3547,82
3548,71
3549,42
3550,52
3551,41
3552,52
3553,43
3554,52
3555,41
3556,41
3557,22
3558,41
3559,42
3560,52
3561,82
3562,71
3563,82
3564,43
3565,42
3566,41
3567,41
3568,82
3569,41
3570,41
3571,42
3572,42
3573,81
3574,41
3575,82
3576,52
3577,52
3578,52
3579,82
3580,71
3581,82
3582,42
3583,41
3584,23
3585,81
3586,42
3587,71
3588,81
3589,81
3590,90
3591,42
3592,42
3593,52
3594,41
3595,82
3596,41
3597,52
3598,81
3599,41
3600,52
3601,90
3602,41
3603,42
3604,52
3605,52
3606,82
3607,41
3608,41
3609,52
3610,52
3611,41
3612,21
3613,42
3614,82
3615,42
3616,82
3617,52
3618,42
3619,82
3620,81
3621,71
3622,81
3623,82
3624,82
3625,43
3626,42
3627,81
3628,81
3629,52
3630,22
3631,52
3632,42
3633,82
3634,90
3635,82
3636,42
3637,52
3638,82
3639,81
3640,42
3641,82
3642,52
3643,41
3644,41
3645,42
3646,41
3647,52
3648,82
3649,41
3650,41
3651,82
3652,82
3653,41
3654,41
3655,41
3656,42
3657,43
3658,82
3659,82
3660,23
3661,71
3662,82
3663,71
3664,81
3665,82
3666,82
3667,71
3668,82
3669,42
3670,42
3671,82
3672,52
3673,82
3674,71
3675,11
3676,82
3677,71
3678,82
3679,71
3680,81
3681,82
3682,41
3683,41
3684,52
3685,42
3686,41
3687,81
3688,41
3689,41
3690,82
3691,71
3692,52
3693,81
3694,81
3695,52
3696,42
3697,81
3698,52
3699,52
3700,42
3701,41
3702,81
3703,82
3704,52
3705,81
3706,81
3707,11
3708,41
3709,43
3710,52
3711,41
3712,81
3713,82
3714,41
3715,82
3716,81
3717,82
3718,42
3719,82
3720,71
3721,81
3722,52
3723,52
3724,90
3725,31
3726,82
3727,71
3728,41
3729,81
3730,41
3731,81
3732,42
3733,42
3734,82
3735,90
3736,71
3737,81
3738,82
3739,42
3740,81
3741,42
3742,23
3743,82
3744,90
3745,42
3746,41
3747,52
3748,82
3749,71
3750,43
3751,42
3752,82
3753,90
3754,90
3755,41
3756,81
3757,81
3758,90
3759,42
3760,42
3761,41
3762,71
3763,82
3764,82
3765,23
3766,41
3767,42
3768,71
3769,52
3770,41
3771,43
3772,43
3773,41
3774,42
3775,43
3776,41
3777,22
3778,81
3779,42
3780,41
3781,42
3782,82
3783,52
3784,82
3785,42
3786,41
3787,90
3788,42
3789,42
3790,42
3791,81
3792,52
3793,82
3794,71
3795,82
3796,82
3797,82
3798,41
3799,22
3800,42
3801,81
3802,52
3803,71
3804,82
3805,41
3806,52
3807,90
3808,81
3809,90
3810,41
3811,90
3812,71
3813,81
3814,82
3815,82
3816,71
3817,81
3818,81
3819,42
3820,71
3821,82
3822,71
3823,71
3824,42
3825,41
3826,81
3827,21
3828,52
3829,82
3830,82
3831,42
3832,41
3833,42
3834,41
3835,90
3836,82
3837,43
3838,52
3839,71
3840,43
3841,52
3842,52
3843,21
3844,82
3845,82
3846,82
3847,82
3848,41
3849,90
3850,42
3851,52
3852,42
3853,71
3854,52
3855,42
3856,90
3857,42
3858,52
3859,71
3860,82
3861,71
3862,43
3863,24
3864,81
3865,42
3866,90
3867,82
3868,52
3869,71
3870,81
3871,82
3872,11
3873,42
3874,82
3875,82
3876,22
3877,42
3878,90
3879,71
3880,90
3881,43
3882,43
3883,81
3884,42
3885,41
3886,81
3887,42
3888,82
3889,52
3890,71
3891,41
3892,71
3893,42
3894,52
3895,71
3896,42
3897,90
3898,81
3899,90
3900,90
3901,71
3902,82
3903,90
3904,71
3905,90
3906,81
3907,52
3908,42
3909,81
3910,82
3911,81
3912,42
3913,52
3914,81
3915,82
3916,52
3917,81
3918,82
3919,42
3920,42
3921,82
3922,42
3923,82
3924,82
3925,42
3926,71
3927,71
3928,81
3929,81
3930,81
3931,52
3932,43
3933,42
3934,71
3935,82
3936,52
3937,82
3938,52
3939,41
3940,41
3941,90
3942,43
3943,43
3944,81
3945,52
3946,82
3947,82
3948,42
3949,52
3950,52
3951,71
3952,42
3953,41
3954,52
3955,52
3956,82
3957,41
3958,82
3959,43
3960,42
3961,42
3962,81
3963,42
3964,71
3965,82
3966,21
3967,42
3968,82
3969,52
3970,81
3971,42
3972,71
3973,71
3974,71
3975,43
3976,41
3977,81
3978,90
3979,52
3980,82
3981,71
3982,82
3983,52
3984,82
3985,42
3986,41
3987,71
3988,42
3989,41
3990,82
3991,41
3992,42
3993,42
3994,52
3995,81
3996,42
3997,41
3998,82
3999,81
4000,42
4001,42
4002,90
4003,81
4004,11
4005,82
4006,82
4007,42
4008,82
4009,52
4010,52
4011,71
4012,42
4013,90
4014,42
4015,82
4016,82
4017,52
4018,90
4019,42
4020,43
4021,82
4022,81
4023,71
4024,71
4025,43
4026,42
4027,82
4028,52
4029,81
4030,71
4031,82
4032,81
4033,82
4034,90
4035,82
4036,81
4037,42
4038,42
4039,71
4040,52
4041,82
4042,81
4043,42
4044,90
4045,82
4046,81
4047,81
4048,52
4049,81
4050,42
4051,42
4052,42
4053,23
4054,42
4055,52
4056,41
4057,41
4058,81
4059,22
4060,42
4061,52
4062,81
4063,90
4064,43
4065,-9999
4066,81
4067,52
4068,81
4069,82
4070,42
4071,42
4072,42
4073,42
4074,43
4075,82
4076,82
4077,71
4078,81
4079,42
4080,81
4081,42
4082,90
4083,11
4084,-9999
4085,22
4086,81
4087,90
4088,82
4089,81
4090,42
4091,90
4092,52
4093,52
4094,81
4095,71
4096,82
4097,42
4098,52
4099,82
4100,43
4101,52
4102,52
4103,81
4104,42
4105,42
4106,52
4107,81
4108,43
4109,52
4110,52
4111,71
4112,82
4113,52
4114,41
4115,42
4116,52
4117,82
4118,52
4119,52
4120,81
4121,82
4122,81
4123,90
4124,71
4125,71
4126,42
4127,41
4128,90
4129,52
4130,42
4131,82
4132,42
4133,42
4134,42
4135,42
4136,81
4137,82
4138,52
4139,52
4140,71
4141,52
4142,42
4143,42
4144,42
4145,42
4146,52
4147,71
4148,71
4149,11
4150,43
4151,90
4152,90
4153,81
4154,52
4155,81
4156,90
4157,81
4158,52
4159,82
4160,42
4161,81
4162,90
4163,71
4164,82
4165,90
4166,90
4167,42
4168,42
4169,52
4170,81
4171,81
4172,90
4173,90
4174,52
4175,21
4176,11
4177,71
4178,71
4179,42
4180,52
4181,42
4182,82
4183,42
4184,42
4185,90
4186,52
4187,82
4188,52
4189,11
4190,90
4191,42
4192,42
4193,42
4194,71
4195,42
4196,52
4197,90
4198,42
4199,42
4200,43
4201,31
4202,81
4203,42
4204,90
4205,90
4206,52
4207,71
4208,41
4209,71
4210,82
4211,90
4212,82
4213,52
4214,42
4215,42
4216,71
4217,42
4218,42
4219,11
4220,52
4221,42
4222,90
4223,90
4224,42
4225,71
4226,71
4227,52
4228,42
4229,90
4230,52
4231,82
4232,42
4233,42
4234,43
4235,52
4236,52
4237,71
4238,42
4239,52
4240,52
4241,42
4242,90
4243,90
4244,81
4245,81
4246,81
4247,82
4248,71
4249,81
4250,42
4251,82
4252,71
4253,52
4254,52
4255,82
4256,22
4257,82
4258,41
4259,43
4260,82
4261,82
4262,52
4263,42
4264,43
4265,52
4266,90
4267,71
4268,42
4269,42
4270,52
4271,81
4272,42
4273,42
4274,81
4275,42
4276,81
4277,90
4278,42
4279,90
4280,42
4281,43
4282,71
4283,82
4284,43
4285,42
4286,82
4287,52
4288,42
4289,42
4290,52
4291,42
4292,43
4293,81
4294,82
4295,82
4296,82
4297,42
4298,82
4299,42
4300,82
4301,71
4302,82
4303,42
4304,81
4305,82
4306,52
4307,71
4308,42
4309,81
4310,42
4311,90
4312,52
4313,42
4314,52
4315,52
4316,82
4317,52
4318,42
4319,90
4320,90
4321,42
4322,81
4323,42
4324,82
4325,95
4326,-9999
4327,81
4328,82
4329,42
4330,42
4331,82
4332,82
4333,90
4334,71
4335,81
4336,71
4337,81
4338,42
4339,-9999
4340,71
4341,42
4342,90
4343,90
4344,42
4345,82
4346,52
4347,82
4348,52
4349,71
4350,82
4351,52
4352,43
4353,42
4354,90
4355,82
4356,42
4357,42
4358,52
4359,52
4360,42
4361,82
4362,71
4363,42
4364,42
4365,42
4366,81
4367,82
4368,82
4369,82
4370,81
4371,52
4372,82
4373,82
4374,42
4375,90
4376,82
4377,82
4378,52
4379,82
4380,90
4381,82
4382,42
4383,81
4384,42
4385,42
4386,90
4387,42
4388,42
4389,82
4390,82
4391,82
4392,82
4393,81
4394,81
4395,82
4396,42
4397,82
4398,42
4399,71
4400,81
4401,42
4402,52
4403,52
4404,42
4405,52
4406,71
4407,42
4408,42
4409,81
4410,82
4411,42
4412,81
4413,52
4414,42
4415,42
4416,42
4417,81
4418,71
4419,42
4420,42
4421,90
4422,43
4423,42
4424,90
4425,42
4426,42
4427,90
4428,42
4429,42
4430,90
4431,42
4432,42
4433,90
4434,42
4435,82
4436,42
4437,52
4438,42
4439,42
4440,42
4441,52
4442,42
4443,52
4444,42
4445,52
4446,81
4447,52
4448,90
4449,90
4450,-9999
4451,42
4452,42
4453,42
4454,82
4455,81
4456,90
4457,90
4458,42
4459,82
4460,81
4461,42
4462,42
4463,52
4464,81
4465,42
4466,81
4467,42
4468,82
4469,42
4470,71
4471,22
4472,42
4473,81
4474,90
4475,90
4476,90
4477,42
4478,52
4479,22
4480,42
4481,81
4482,42
4483,81
4484,42
4485,42
4486,42
4487,42
4488,82
4489,42
4490,90
4491,23
4492,90
4493,82
4494,81
4495,82
4496,22
4497,71
4498,90
4499,42
4500,81
4501,82
4502,42
4503,42
4504,71
4505,82
4506,42
4507,42
4508,52
4509,52
4510,82
4511,-9999
4512,42
4513,42
4514,81
4515,81
4516,81
4517,42
4518,42
4519,90
4520,90
4521,81
4522,90
4523,81
4524,21
4525,52
4526,52
4527,90
4528,90
4529,52
4530,52
4531,11
4532,42
4533,82
4534,11
4535,82
4536,90
4537,52
4538,82
4539,11
4540,52
4541,42
4542,81
4543,81
4544,90
4545,90
4546,81
4547,82
4548,42
4549,11
4550,90
4551,90
4552,90
4553,-9999
4554,81
4555,90
4556,90
4557,90
4558,11
4559,90
4560,90
4561,11
4562,42
4563,81
4564,81
4565,81
4566,81
4567,11
4568,42
4569,42
4570,42
4571,81
4572,82
4573,82
4574,42
4575,-9999
4576,42
4577,81
4578,81
4579,82
4580,11
4581,81
4582,-9999
4583,81
4584,-9999
4585,42
4586,81
4587,11
4588,95
4589,81
4590,81
4591,90
4592,82
4593,82
4594,52
4595,52
4596,81
4597,-9999
4598,81
4599,52
4600,81
4601,81
4602,82
4603,42
4604,81
4605,11
4606,81
4607,81
4608,42
4609,81
4610,82
4611,90
4612,81
4613,81
4614,81
4615,81
4616,52
4617,52
4618,21
4619,52
4620,81
4621,81
4622,81
4623,81
4624,52
4625,11
4626,52
4627,90
4628,95
4629,52
4630,82
4631,11
4632,82
4633,81
4634,90
4635,81
4636,52
4637,42
4638,52
4639,52
4640,52
4641,52
4642,81
4643,90
4644,52
4645,52
4646,81
4647,81
4648,11
4649,82
4650,11
4651,82
4652,81
4653,52
4654,81
4655,90
4656,82
4657,-9999
4658,90
4659,21
4660,52
4661,82
4662,82
4663,81
4664,52
4665,81
4666,81
4667,81
4668,90
4669,81
4670,11
4671,95
4672,90
4673,81
4674,11
4675,11
4676,82
4677,11
4678,82
4679,82
4680,82
4681,82
4682,11
4683,-9999
4684,11
4685,11
4686,-9999
4687,-9999
4688,-9999
4689,-9999
4690,-9999
4691,-9999
4692,-9999
4693,-9999
4694,-9999
4695,-9999
4696,-9999
4697,-9999
4698,-9999
4699,-9999
4700,-9999
4701,-9999
4702,-9999
4703,-9999
4704,-9999
4705,-9999
4706,-9999
4707,11
4708,11
4709,11
4710,11
4711,11
4712,52
4713,81
4714,81
4715,81
4716,42
4717,-9999
4718,-9999
4719,90
4720,82
4721,43
4722,41
4723,41
4724,82
4725,41
4726,82
4727,82
4728,82
4729,71
4730,43
4731,43
4732,82
4733,82
4734,82
4735,82
4736,82
4737,82
4738,82
4739,43
4740,82
4741,42
4742,43
4743,41
4744,82
4745,82
4746,41
4747,41
4748,82
4749,82
4750,82
4751,82
4752,81
4753,81
4754,43
4755,41
4756,41
4757,43
4758,82
4759,41
4760,82
4761,82
4762,41
4763,82
4764,41
4765,82
4766,82
4767,41
4768,41
4769,82
4770,43
4771,90
4772,41
4773,41
4774,41
4775,82
4776,41
4777,82
4778,82
4779,41
4780,81
4781,41
4782,82
4783,82
4784,41
4785,41
4786,82
4787,82
4788,41
4789,41
4790,41
4791,41
4792,41
4793,41
4794,41
4795,82
4796,82
4797,41
4798,82
4799,41
4800,41
4801,82
4802,82
4803,82
4804,82
4805,41
4806,82
4807,82
4808,82
4809,82
4810,82
4811,41
4812,41
4813,82
4814,82
4815,41
4816,82
4817,82
4818,82
4819,41
4820,41
4821,82
4822,42
4823,41
4824,41
4825,82
4826,81
4827,41
4828,41
4829,42
4830,82
4831,82
4832,81
4833,41
4834,41
4835,82
4836,82
4837,42
4838,82
4839,82
4840,82
4841,41
4842,41
4843,82
4844,41
4845,41
4846,82
4847,82
4848,82
4849,71
4850,52
4851,82
4852,82
4853,82
4854,82
4855,41
4856,82
4857,82
4858,81
4859,41
4860,82
4861,82
4862,82
4863,82
4864,82
4865,52
4866,82
4867,82
4868,41
4869,82
4870,90
4871,42
4872,82
4873,52
4874,82
4875,41
4876,41
4877,82
4878,82
4879,82
4880,41
4881,82
4882,90
4883,82
4884,82
4885,81
4886,42
4887,82
4888,82
4889,82
4890,43
4891,81
4892,81
4893,82
4894,82
4895,21
4896,82
4897,52
4898,71
4899,90
4900,82
4901,41
4902,82
4903,82
4904,11
4905,42
4906,41
4907,82
4908,52
4909,41
4910,82
4911,82
4912,82
4913,81
4914,42
4915,41
4916,81
4917,52
4918,52
4919,52
4920,90
4921,41
4922,71
4923,71
4924,71
4925,82
4926,42
4927,82
4928,41
4929,41
4930,71
4931,52
4932,41
4933,43
4934,41
4935,11
4936,11
4937,81
4938,81
4939,82
4940,71
4941,41
4942,41
4943,41
4944,82
4945,41
4946,41
4947,41
4948,41
4949,41
4950,82
4951,41
4952,81
4953,41
4954,71
4955,82
4956,82
4957,41
4958,41
4959,81
4960,52
4961,41
4962,43
4963,41
4964,41
4965,82
4966,42
4967,81
4968,52
4969,52
4970,81
4971,82
4972,41
4973,42
4974,42
4975,71
4976,41
4977,21
4978,21
4979,52
4980,81
4981,52
4982,81
4983,71
4984,81
4985,41
4986,81
4987,41
4988,41
4989,81
4990,41
4991,52
4992,81
4993,81
4994,82
4995,81
4996,41
4997,90
4998,41
4999,41
5000,81
5001,41
5002,41
5003,90
5004,41
5005,41
5006,71
5007,41
5008,82
5009,71
5010,41
5011,42
5012,82
5013,71
5014,52
5015,90
5016,52
5017,41
5018,52
5019,11
5020,90
5021,82
5022,42
5023,71
5024,82
5025,90
5026,52
5027,82
5028,90
5029,52
5030,81
5031,81
5032,81
5033,90
5034,90
5035,90
5036,82
5037,-9999
5038,-9999
5039,-9999
5040,-9999
