,Band4,Band5,Band6
0,95,81,17
1,225,220,25
2,136,135,51
3,213,210,16
4,247,251,26
5,190,195,62
6,148,135,36
7,135,135,28
8,41,29,21
9,210,197,19
10,39,30,24
11,214,200,58
12,13,74,35
13,39,30,24
14,203,228,31
15,27,29,27
16,27,29,27
17,27,29,27
18,215,177,17
19,95,96,42
20,146,120,15
21,20,109,70
22,24,66,29
23,30,20,14
24,30,20,14
25,18,65,31
26,19,39,17
27,19,39,17
28,39,38,20
29,28,37,26
30,26,66,56
31,172,174,37
32,225,208,63
33,216,217,57
34,18,64,30
35,38,81,81
36,172,174,37
37,199,185,58
38,161,168,47
39,216,217,57
40,227,225,61
41,24,74,55
42,225,207,72
43,221,222,71
44,25,71,30
45,178,165,60
46,53,75,97
47,129,134,44
48,27,46,24
49,165,169,73
50,25,54,27
51,165,169,73
52,20,86,30
53,32,60,73
54,53,87,97
55,16,74,30
56,28,37,26
57,217,207,89
58,37,70,43
59,225,208,63
60,26,66,56
61,216,217,57
62,18,64,30
63,178,165,60
64,216,217,57
65,28,37,26
66,225,208,63
67,25,71,30
68,149,162,79
69,28,37,26
70,178,165,60
71,20,86,30
72,15,100,37
73,28,37,26
74,27,85,71
75,38,81,81
76,221,222,71
77,28,37,26
78,30,47,22
79,53,87,97
80,25,71,30
81,225,207,72
82,221,222,71
83,16,74,30
84,28,37,26
85,26,66,56
86,227,225,61
87,37,70,43
88,199,185,58
89,209,212,90
90,33,71,68
91,54,81,91
92,24,68,58
93,16,12,7
94,26,87,48
95,209,212,90
96,18,78,34
97,25,70,59
98,24,68,58
99,223,224,60
100,206,197,18
101,34,71,44
102,194,198,70
103,26,62,51
104,223,224,60
105,211,198,57
106,30,47,22
107,24,22,13
108,166,175,77
109,30,47,22
110,18,78,34
111,23,54,49
112,211,198,57
113,54,81,91
114,24,72,60
115,25,70,59
116,25,70,59
117,31,50,31
118,34,57,70
119,17,77,45
120,141,130,55
121,206,197,18
122,15,79,36
123,26,87,48
124,141,130,55
125,209,212,90
126,217,199,53
127,23,54,49
128,211,198,57
129,209,212,90
130,24,72,60
131,29,44,65
132,26,87,48
133,18,78,34
134,141,130,55
135,223,224,60
136,16,13,11
137,24,72,60
138,17,78,46
139,16,56,25
140,29,44,65
141,25,70,59
142,29,44,65
143,48,63,35
144,166,175,77
145,54,81,91
146,206,197,18
147,25,61,60
148,27,42,27
149,16,56,25
150,18,78,34
151,26,23,21
152,20,106,47
153,18,86,37
154,48,68,81
155,228,226,64
156,24,94,65
157,103,123,55
158,24,94,65
159,19,106,44
160,38,105,88
161,26,112,69
162,189,191,54
163,204,202,75
164,40,65,77
165,35,79,84
166,24,90,52
167,17,99,41
168,48,68,81
169,40,65,77
170,228,226,64
171,28,115,47
172,189,191,54
173,19,106,44
174,19,106,44
175,48,68,81
176,19,106,44
177,26,112,69
178,20,101,46
179,40,65,77
180,189,191,54
181,48,68,81
182,65,112,108
183,20,106,47
184,26,112,69
185,18,86,37
186,19,108,49
187,30,108,49
188,42,74,76
189,48,68,81
190,228,226,64
191,128,129,60
192,189,191,54
193,22,109,58
194,228,226,64
195,19,106,44
196,20,96,46
197,27,42,27
198,189,191,54
199,26,112,69
200,26,23,21
201,19,108,49
202,30,108,49
203,28,68,55
204,19,87,40
205,17,99,41
206,20,96,46
207,19,106,44
208,40,65,77
209,33,60,76
210,28,68,55
211,24,90,52
212,189,191,54
213,36,71,81
214,31,66,71
215,21,119,56
216,103,123,55
217,27,78,67
218,19,108,49
219,26,23,21
220,20,106,47
221,48,68,81
222,22,109,58
223,194,174,53
224,65,112,108
225,228,226,64
226,40,65,77
227,27,42,27
228,228,226,64
229,19,106,44
230,31,58,71
231,35,79,84
232,42,74,76
233,186,184,76
234,28,68,55
235,103,123,55
236,18,86,37
237,19,106,44
238,204,202,75
239,17,99,41
240,26,112,69
241,103,123,55
242,24,94,65
243,20,101,46
244,18,86,37
245,42,74,76
246,20,101,46
247,228,226,64
248,46,66,87
249,20,116,47
250,17,99,41
251,38,105,88
252,24,94,65
253,23,106,55
254,23,94,63
255,42,101,58
256,23,94,63
257,36,34,21
258,23,94,63
259,20,93,52
260,176,174,85
261,24,64,58
262,23,106,55
263,128,139,54
264,36,65,83
265,20,93,52
266,36,51,70
267,23,61,48
268,20,84,45
269,27,91,39
270,24,59,39
271,46,66,87
272,12,68,34
273,21,77,54
274,23,106,55
275,128,139,54
276,36,51,70
277,174,161,82
278,12,94,32
279,22,97,51
280,20,116,47
281,35,51,80
282,128,139,54
283,21,77,44
284,186,188,65
285,136,124,45
286,22,97,51
287,197,193,81
288,20,96,54
289,21,77,54
290,23,94,63
291,23,94,63
292,18,73,37
293,18,73,37
294,21,77,54
295,23,41,49
296,42,101,58
297,21,77,44
298,23,94,63
299,186,188,65
300,20,93,52
301,22,93,43
302,23,106,55
303,21,77,54
304,22,97,51
305,18,73,37
306,174,161,82
307,27,91,39
308,24,64,58
309,12,94,32
310,197,193,81
311,23,106,55
312,21,77,54
313,21,77,54
314,12,68,34
315,20,73,48
316,22,97,51
317,30,84,70
318,22,97,51
319,20,93,52
320,169,170,89
321,174,161,82
322,22,97,51
323,20,116,47
324,21,77,44
325,20,116,47
326,27,91,39
327,17,112,44
328,169,170,89
329,21,77,54
330,22,97,51
331,20,73,48
332,26,24,20
333,27,91,39
334,21,77,54
335,22,97,51
336,172,173,47
337,23,94,63
338,21,77,54
339,22,93,43
340,36,51,70
341,21,77,44
342,186,188,65
343,25,23,21
344,18,73,37
345,23,106,55
346,136,124,45
347,22,97,51
348,23,106,55
349,128,139,54
350,25,78,32
351,23,94,63
352,46,66,87
353,22,93,43
354,22,93,43
355,174,161,82
356,22,97,51
357,12,94,32
358,136,124,45
359,20,73,48
360,21,77,54
361,20,93,52
362,27,91,39
363,136,124,45
364,12,94,32
365,28,108,78
366,21,77,54
367,26,24,20
368,17,112,44
369,20,93,52
370,20,116,47
371,42,101,58
372,20,84,45
373,25,23,21
374,24,59,39
375,23,94,63
376,23,94,63
377,22,97,51
378,22,97,51
379,20,116,47
380,12,94,32
381,21,77,54
382,12,94,32
383,23,94,63
384,23,94,63
385,21,61,56
386,16,75,38
387,24,59,39
388,14,79,28
389,21,77,54
390,22,97,51
391,22,97,51
392,42,101,58
393,174,174,54
394,17,112,44
395,136,124,45
396,38,98,51
397,33,90,83
398,20,96,54
399,14,11,8
400,137,130,62
401,183,185,57
402,20,116,47
403,17,77,40
404,17,91,44
405,22,88,48
406,21,113,55
407,21,100,59
408,22,101,59
409,22,101,59
410,140,151,57
411,137,130,62
412,137,130,62
413,21,19,11
414,172,173,47
415,21,100,59
416,42,59,79
417,229,227,62
418,21,100,59
419,140,151,57
420,18,84,47
421,17,77,40
422,22,88,48
423,22,88,48
424,16,124,48
425,23,94,51
426,26,84,65
427,183,185,57
428,16,124,48
429,16,75,38
430,21,113,55
431,16,124,48
432,23,94,51
433,17,77,40
434,179,188,110
435,140,151,57
436,24,101,53
437,48,80,110
438,24,113,58
439,35,66,76
440,24,113,58
441,21,113,55
442,174,174,54
443,22,101,59
444,17,77,40
445,22,101,59
446,137,130,62
447,22,88,48
448,24,113,58
449,24,113,58
450,140,151,57
451,140,151,57
452,16,75,38
453,179,188,110
454,172,173,47
455,14,84,35
456,18,60,40
457,137,130,62
458,22,88,48
459,229,227,62
460,21,100,59
461,137,130,62
462,140,151,57
463,21,113,55
464,16,124,48
465,17,77,40
466,17,77,40
467,21,19,11
468,229,227,62
469,14,79,28
470,14,79,28
471,40,80,89
472,24,113,58
473,21,61,56
474,14,11,8
475,19,58,50
476,21,100,59
477,13,108,42
478,172,173,47
479,16,124,48
480,16,124,48
481,18,60,40
482,21,61,56
483,16,124,48
484,17,77,40
485,38,98,51
486,16,124,48
487,33,32,28
488,17,91,44
489,21,113,55
490,21,100,59
491,172,173,47
492,23,94,51
493,22,101,59
494,140,151,57
495,24,101,53
496,25,97,44
497,17,91,44
498,21,100,59
499,18,84,47
500,21,100,59
501,22,88,48
502,13,108,42
503,137,130,62
504,17,91,44
505,14,84,35
506,33,57,57
507,22,101,59
508,22,101,59
509,140,151,57
510,172,173,47
511,174,174,54
512,21,100,59
513,23,94,51
514,25,97,44
515,40,80,89
516,140,151,57
517,26,84,65
518,140,151,57
519,21,113,55
520,25,97,44
521,179,188,110
522,174,174,54
523,16,124,48
524,17,77,40
525,25,97,44
526,21,61,56
527,172,173,47
528,22,101,59
529,105,130,48
530,40,80,89
531,172,173,47
532,172,173,47
533,17,91,44
534,35,67,82
535,16,124,48
536,23,94,51
537,36,80,84
538,21,113,55
539,16,124,48
540,172,173,47
541,14,11,8
542,105,130,48
543,174,174,54
544,34,79,51
545,14,84,35
546,16,124,48
547,22,88,48
548,26,84,65
549,183,185,57
550,172,173,47
551,21,113,55
552,14,79,28
553,179,188,110
554,48,80,110
555,24,101,53
556,25,97,44
557,21,100,59
558,174,174,54
559,21,61,56
560,16,75,38
561,24,113,58
562,21,61,56
563,38,98,51
564,18,60,40
565,24,55,52
566,23,94,51
567,33,32,28
568,24,101,53
569,140,151,57
570,172,173,47
571,229,227,62
572,172,173,47
573,16,124,48
574,25,97,44
575,137,130,62
576,140,151,57
577,21,113,55
578,18,84,47
579,21,113,55
580,21,100,59
581,22,88,48
582,21,61,56
583,14,79,28
584,229,227,62
585,38,98,51
586,42,59,79
587,21,113,55
588,40,80,89
589,21,100,59
590,22,101,59
591,16,75,38
592,140,151,57
593,92,100,35
594,23,94,51
595,21,100,59
596,13,108,42
597,172,173,47
598,172,173,47
599,25,97,44
600,24,113,58
601,21,113,55
602,16,124,48
603,21,61,56
604,17,77,40
605,172,173,47
606,21,113,55
607,21,113,55
608,16,124,48
609,24,101,53
610,38,98,51
611,38,98,51
612,23,94,51
613,21,16,13
614,25,97,44
615,16,124,48
616,18,107,46
617,17,77,40
618,21,100,59
619,140,151,57
620,172,173,47
621,16,124,48
622,42,59,79
623,174,174,54
624,13,108,42
625,172,173,47
626,17,77,40
627,24,113,58
628,26,84,65
629,21,100,59
630,19,58,50
631,171,181,67
632,24,113,58
633,26,80,79
634,13,108,42
635,229,227,62
636,140,151,57
637,174,174,54
638,21,61,56
639,18,84,47
640,17,14,11
641,16,124,48
642,24,113,58
643,16,124,48
644,18,84,47
645,17,77,40
646,24,93,63
647,183,185,57
648,183,185,57
649,25,112,58
650,29,88,60
651,25,118,55
652,17,16,9
653,41,55,70
654,21,100,59
655,32,81,50
656,192,188,59
657,23,118,61
658,23,101,46
659,25,108,55
660,23,106,65
661,23,118,61
662,192,188,59
663,24,93,63
664,25,118,55
665,25,108,55
666,33,36,19
667,24,107,55
668,158,159,56
669,26,24,15
670,24,107,55
671,24,107,55
672,28,53,68
673,20,96,51
674,42,99,76
675,42,99,76
676,29,88,60
677,158,159,56
678,192,188,59
679,24,93,63
680,23,101,46
681,25,112,58
682,29,88,60
683,23,106,65
684,27,24,22
685,39,71,88
686,158,159,56
687,25,108,55
688,22,100,54
689,192,188,59
690,23,101,46
691,22,17,16
692,23,58,50
693,26,24,15
694,23,106,65
695,26,100,70
696,25,112,58
697,25,118,55
698,22,100,54
699,22,17,16
700,25,108,55
701,23,118,61
702,24,93,63
703,13,88,39
704,42,99,76
705,20,96,51
706,23,101,46
707,23,109,54
708,47,74,101
709,25,101,70
710,25,118,55
711,23,118,61
712,17,14,11
713,32,64,51
714,158,159,56
715,21,78,28
716,28,53,68
717,42,99,76
718,32,81,50
719,24,93,63
720,23,106,65
721,24,93,63
722,24,107,55
723,215,218,68
724,22,100,54
725,15,77,42
726,25,112,58
727,192,188,59
728,17,16,9
729,15,77,42
730,25,108,55
731,25,112,58
732,25,118,55
733,158,159,56
734,192,188,59
735,23,109,54
736,29,88,60
737,22,100,54
738,25,112,58
739,192,188,59
740,43,69,80
741,25,118,55
742,25,118,55
743,24,93,63
744,24,93,63
745,25,108,55
746,18,73,40
747,29,88,60
748,25,118,55
749,30,46,60
750,29,88,60
751,23,118,61
752,23,101,46
753,25,108,55
754,23,106,65
755,208,209,16
756,25,108,55
757,47,61,75
758,25,108,55
759,17,16,9
760,20,96,51
761,22,100,54
762,23,109,54
763,18,73,40
764,24,93,63
765,25,108,55
766,23,109,54
767,17,14,11
768,23,101,46
769,33,36,19
770,23,118,61
771,192,188,59
772,26,24,15
773,20,96,51
774,23,101,46
775,24,107,55
776,23,101,46
777,25,108,55
778,13,88,39
779,40,37,26
780,20,96,51
781,17,14,11
782,18,93,45
783,25,108,55
784,22,100,54
785,13,88,39
786,25,108,55
787,24,107,55
788,29,88,60
789,26,24,15
790,19,87,50
791,23,58,50
792,158,159,56
793,33,36,19
794,22,100,54
795,25,112,58
796,29,88,60
797,24,107,55
798,158,159,56
799,22,17,16
800,18,73,40
801,29,88,60
802,25,118,55
803,25,108,55
804,23,106,65
805,26,100,70
806,24,107,55
807,24,107,55
808,20,96,51
809,25,101,70
810,215,218,68
811,215,218,68
812,24,107,55
813,23,106,65
814,192,188,59
815,23,101,46
816,192,188,59
817,15,77,42
818,15,77,42
819,23,109,54
820,17,16,9
821,22,100,54
822,215,218,68
823,25,112,58
824,23,118,61
825,23,101,46
826,24,93,63
827,13,88,39
828,29,88,60
829,15,77,42
830,22,100,54
831,23,118,61
832,23,101,46
833,18,15,15
834,25,112,58
835,41,38,23
836,19,87,50
837,192,188,59
838,23,101,46
839,23,106,65
840,18,15,15
841,18,73,40
842,158,159,56
843,23,106,65
844,23,109,54
845,27,96,72
846,158,159,56
847,23,118,61
848,24,107,55
849,22,17,16
850,22,100,54
851,23,101,46
852,18,15,15
853,32,49,70
854,26,100,70
855,15,77,42
856,21,95,51
857,18,15,15
858,20,99,45
859,23,109,54
860,25,112,58
861,25,108,55
862,22,100,54
863,33,36,19
864,25,112,58
865,29,88,60
866,158,159,56
867,24,93,63
868,24,107,55
869,22,17,16
870,13,88,39
871,17,14,11
872,29,88,60
873,29,88,60
874,29,88,60
875,23,106,65
876,20,96,51
877,255,247,80
878,23,118,61
879,24,93,63
880,23,101,46
881,24,107,55
882,36,65,55
883,23,101,46
884,23,106,65
885,22,100,54
886,23,109,54
887,24,93,63
888,158,159,56
889,17,14,11
890,15,77,42
891,25,118,55
892,22,17,16
893,25,112,58
894,20,96,51
895,23,109,54
896,158,159,56
897,23,118,61
898,24,107,55
899,20,99,45
900,14,110,44
901,43,69,80
902,25,101,70
903,25,112,58
904,25,118,55
905,25,108,55
906,36,65,55
907,192,188,59
908,192,188,59
909,23,106,65
910,34,44,20
911,23,118,61
912,25,108,55
913,22,100,54
914,33,36,19
915,17,14,11
916,24,107,55
917,18,15,15
918,41,85,84
919,23,118,61
920,23,101,46
921,20,96,51
922,33,36,19
923,30,56,61
924,23,101,46
925,23,109,54
926,15,81,39
927,43,69,80
928,23,106,65
929,22,100,54
930,22,95,53
931,20,96,51
932,25,112,58
933,20,121,62
934,23,105,65
935,22,17,16
936,20,99,45
937,24,121,58
938,23,101,46
939,23,101,46
940,21,95,51
941,24,106,69
942,25,112,65
943,25,112,65
944,23,106,65
945,22,95,53
946,21,100,59
947,50,72,94
948,30,56,61
949,22,121,53
950,12,95,39
951,37,115,66
952,37,115,66
953,24,121,58
954,17,93,44
955,23,98,57
956,23,98,57
957,47,67,92
958,21,95,51
959,17,93,44
960,14,110,44
961,18,93,45
962,20,121,62
963,22,95,53
964,19,101,48
965,40,75,91
966,23,98,57
967,18,93,45
968,27,46,33
969,22,121,53
970,12,95,39
971,21,105,55
972,179,183,86
973,23,105,65
974,34,44,20
975,21,100,59
976,18,107,46
977,41,67,83
978,25,112,65
979,25,112,65
980,190,193,55
981,41,76,100
982,29,93,85
983,23,100,69
984,22,121,53
985,190,193,55
986,23,105,65
987,14,110,44
988,21,100,59
989,20,121,62
990,17,93,44
991,22,95,53
992,23,98,57
993,41,76,100
994,25,91,53
995,24,106,69
996,23,105,65
997,30,56,61
998,25,91,53
999,190,193,55
1000,24,106,69
1001,12,95,39
1002,37,115,66
1003,40,75,91
1004,25,91,53
1005,22,121,53
1006,21,100,59
1007,22,95,53
1008,55,61,60
1009,20,121,62
1010,24,106,69
1011,22,121,53
1012,190,193,55
1013,21,95,51
1014,203,193,99
1015,17,14,11
1016,23,100,69
1017,20,121,62
1018,18,107,46
1019,23,100,69
1020,22,121,53
1021,22,121,53
1022,12,95,39
1023,31,69,48
1024,29,93,85
1025,29,93,85
1026,25,112,65
1027,190,193,55
1028,23,100,69
1029,22,95,53
1030,22,95,53
1031,18,93,45
1032,24,106,69
1033,19,101,48
1034,43,87,94
1035,25,112,65
1036,21,95,51
1037,14,110,44
1038,25,91,53
1039,21,100,59
1040,20,121,62
1041,23,98,57
1042,14,110,44
1043,25,112,65
1044,20,121,62
1045,12,95,39
1046,20,121,62
1047,41,73,77
1048,24,106,69
1049,21,100,59
1050,21,95,51
1051,22,95,53
1052,22,121,53
1053,26,25,22
1054,21,95,51
1055,23,105,65
1056,14,110,44
1057,21,105,55
1058,23,105,65
1059,18,107,46
1060,22,95,53
1061,19,101,48
1062,24,121,58
1063,25,91,53
1064,22,121,53
1065,18,107,46
1066,15,66,36
1067,25,112,65
1068,25,112,65
1069,190,193,55
1070,190,193,55
1071,12,95,39
1072,24,121,58
1073,190,193,55
1074,20,121,62
1075,20,121,62
1076,24,106,69
1077,26,25,22
1078,19,101,48
1079,12,95,39
1080,12,95,39
1081,21,105,55
1082,22,121,53
1083,30,87,82
1084,25,91,53
1085,22,121,53
1086,25,112,65
1087,18,107,46
1088,22,95,53
1089,29,93,85
1090,23,98,57
1091,23,100,69
1092,18,107,46
1093,40,135,101
1094,23,100,69
1095,20,121,62
1096,21,95,51
1097,19,101,48
1098,19,101,48
1099,29,93,85
1100,15,66,36
1101,21,100,59
1102,20,121,62
1103,23,105,65
1104,18,107,46
1105,19,101,48
1106,18,93,45
1107,24,106,69
1108,21,100,59
1109,31,30,17
1110,18,107,46
1111,40,135,101
1112,25,91,53
1113,190,193,55
1114,23,100,69
1115,22,121,53
1116,21,100,59
1117,23,98,57
1118,24,121,58
1119,12,95,39
1120,21,95,51
1121,23,105,65
1122,23,105,65
1123,23,98,57
1124,29,93,85
1125,25,112,65
1126,23,105,65
1127,19,101,48
1128,14,110,44
1129,17,14,11
1130,18,93,45
1131,21,105,55
1132,20,121,62
1133,26,25,22
1134,29,93,85
1135,23,81,45
1136,190,193,55
1137,22,95,53
1138,22,95,53
1139,19,101,48
1140,21,95,51
1141,23,100,69
1142,21,95,51
1143,22,121,53
1144,18,93,45
1145,24,121,58
1146,24,106,69
1147,18,93,45
1148,31,69,48
1149,203,193,99
1150,190,193,55
1151,31,30,17
1152,18,107,46
1153,23,98,57
1154,25,112,65
1155,190,193,55
1156,23,98,57
1157,24,106,69
1158,24,106,69
1159,23,100,69
1160,22,121,53
1161,22,121,53
1162,26,25,22
1163,23,105,65
1164,23,105,65
1165,25,112,65
1166,190,193,55
1167,18,107,46
1168,31,57,67
1169,25,91,53
1170,29,93,85
1171,14,110,44
1172,18,93,45
1173,29,93,85
1174,23,105,65
1175,12,95,39
1176,20,79,44
1177,22,95,53
1178,24,121,58
1179,31,30,17
1180,12,95,39
1181,21,100,59
1182,20,121,62
1183,18,107,46
1184,12,95,39
1185,25,91,53
1186,18,93,45
1187,18,93,45
1188,30,56,61
1189,18,107,46
1190,28,54,45
1191,22,121,53
1192,12,95,39
1193,24,121,58
1194,26,25,22
1195,23,98,57
1196,19,101,48
1197,23,100,69
1198,21,100,59
1199,19,101,48
1200,22,121,53
1201,12,95,39
1202,21,100,59
1203,15,81,39
1204,24,106,69
1205,22,121,53
1206,22,121,53
1207,22,121,53
1208,18,107,46
1209,23,98,57
1210,41,76,100
1211,23,105,65
1212,18,107,46
1213,22,95,53
1214,22,95,53
1215,40,135,101
1216,190,193,55
1217,23,105,65
1218,203,193,99
1219,23,105,65
1220,12,95,39
1221,25,91,53
1222,21,100,59
1223,190,193,55
1224,18,107,46
1225,21,105,55
1226,31,69,48
1227,21,95,51
1228,21,105,55
1229,203,193,99
1230,24,121,58
1231,17,99,52
1232,25,112,65
1233,190,193,55
1234,23,105,65
1235,17,93,44
1236,22,95,53
1237,24,105,68
1238,17,14,11
1239,29,93,85
1240,23,100,69
1241,190,193,55
1242,20,121,62
1243,25,112,65
1244,12,95,39
1245,23,100,69
1246,22,121,53
1247,14,44,21
1248,23,98,57
1249,24,121,58
1250,21,95,51
1251,18,107,46
1252,190,193,55
1253,25,91,53
1254,24,106,69
1255,29,93,85
1256,29,93,85
1257,21,100,59
1258,23,105,65
1259,20,103,50
1260,14,110,44
1261,23,100,69
1262,32,46,29
1263,24,121,58
1264,18,93,45
1265,26,111,60
1266,24,132,53
1267,25,72,51
1268,54,74,91
1269,24,110,59
1270,19,126,56
1271,212,205,89
1272,27,137,64
1273,38,131,78
1274,32,111,44
1275,25,72,51
1276,22,97,55
1277,38,131,78
1278,19,126,56
1279,178,170,61
1280,14,44,21
1281,23,127,66
1282,23,97,56
1283,14,84,41
1284,35,130,62
1285,47,45,20
1286,27,137,64
1287,27,137,64
1288,23,127,66
1289,23,127,66
1290,24,111,64
1291,14,84,41
1292,32,70,79
1293,17,99,52
1294,24,105,68
1295,35,115,84
1296,22,97,55
1297,16,103,44
1298,32,111,44
1299,24,111,64
1300,22,97,55
1301,16,103,44
1302,23,91,55
1303,14,84,41
1304,14,84,41
1305,26,111,60
1306,17,99,52
1307,23,83,49
1308,16,117,47
1309,23,91,55
1310,27,90,80
1311,27,137,64
1312,35,130,62
1313,17,99,52
1314,24,110,59
1315,35,115,84
1316,27,90,80
1317,27,137,64
1318,38,131,78
1319,19,126,56
1320,22,97,55
1321,178,170,61
1322,25,72,51
1323,23,127,66
1324,23,97,56
1325,24,110,59
1326,23,83,49
1327,14,44,21
1328,179,190,96
1329,38,70,80
1330,27,137,64
1331,19,126,56
1332,35,130,62
1333,22,97,55
1334,32,111,44
1335,16,117,47
1336,30,86,83
1337,23,91,55
1338,26,111,60
1339,17,99,52
1340,14,44,21
1341,16,103,44
1342,25,72,51
1343,20,103,50
1344,19,126,56
1345,20,103,50
1346,24,105,68
1347,212,205,89
1348,24,110,59
1349,23,91,55
1350,17,99,52
1351,39,73,73
1352,17,99,52
1353,32,111,44
1354,24,132,53
1355,26,111,60
1356,33,68,76
1357,38,131,78
1358,16,103,44
1359,16,117,47
1360,35,115,84
1361,27,90,80
1362,16,117,47
1363,26,111,60
1364,16,103,44
1365,32,111,44
1366,35,130,62
1367,24,105,68
1368,23,91,55
1369,19,126,56
1370,27,137,64
1371,24,111,64
1372,23,97,56
1373,27,90,80
1374,17,99,52
1375,14,84,41
1376,212,205,89
1377,27,90,80
1378,23,91,55
1379,22,97,55
1380,64,83,101
1381,38,131,78
1382,32,111,44
1383,35,115,84
1384,27,137,64
1385,38,131,78
1386,19,126,56
1387,20,103,50
1388,35,115,84
1389,22,97,55
1390,23,127,66
1391,39,73,73
1392,14,84,41
1393,23,83,49
1394,54,129,117
1395,38,131,78
1396,38,131,78
1397,16,103,44
1398,16,117,47
1399,23,91,55
1400,35,130,62
1401,26,111,60
1402,38,131,78
1403,24,105,68
1404,17,99,52
1405,25,72,51
1406,38,131,78
1407,23,127,66
1408,23,127,66
1409,35,130,62
1410,35,130,62
1411,24,110,59
1412,35,115,84
1413,27,137,64
1414,28,12,9
1415,39,73,73
1416,27,137,64
1417,24,105,68
1418,25,72,51
1419,38,131,78
1420,38,131,78
1421,16,103,44
1422,22,97,55
1423,24,105,68
1424,30,83,69
1425,24,132,53
1426,22,97,55
1427,19,126,56
1428,27,90,80
1429,14,44,21
1430,16,103,44
1431,19,126,56
1432,24,111,64
1433,35,115,84
1434,27,90,80
1435,38,131,78
1436,23,97,56
1437,17,99,52
1438,38,131,78
1439,16,117,47
1440,24,110,59
1441,17,99,52
1442,28,12,9
1443,32,70,79
1444,23,97,56
1445,24,110,59
1446,17,99,52
1447,23,83,49
1448,22,97,55
1449,14,84,41
1450,23,127,66
1451,26,111,60
1452,17,99,52
1453,25,72,51
1454,25,72,51
1455,22,97,55
1456,22,97,55
1457,19,126,56
1458,38,36,25
1459,27,90,80
1460,38,131,78
1461,33,68,76
1462,26,111,60
1463,22,97,55
1464,38,131,78
1465,16,103,44
1466,179,190,96
1467,30,86,83
1468,35,115,84
1469,25,72,51
1470,16,117,47
1471,23,83,49
1472,27,137,64
1473,22,97,55
1474,38,131,78
1475,27,137,64
1476,14,44,21
1477,23,91,55
1478,24,132,53
1479,22,97,55
1480,14,44,21
1481,24,105,68
1482,23,91,55
1483,35,130,62
1484,25,72,51
1485,16,117,47
1486,179,190,96
1487,44,79,90
1488,23,97,56
1489,23,91,55
1490,17,99,52
1491,23,83,49
1492,25,87,69
1493,26,111,60
1494,28,12,9
1495,16,103,44
1496,16,117,47
1497,23,91,55
1498,16,103,44
1499,26,111,60
1500,22,77,53
1501,32,111,44
1502,16,117,47
1503,35,115,84
1504,27,90,80
1505,17,99,52
1506,22,97,55
1507,38,131,78
1508,16,117,47
1509,23,83,49
1510,22,77,53
1511,22,77,53
1512,38,131,78
1513,32,111,44
1514,24,105,68
1515,17,99,52
1516,25,72,51
1517,25,72,51
1518,22,97,55
1519,38,36,25
1520,33,68,76
1521,20,79,44
1522,23,97,56
1523,27,137,64
1524,22,77,53
1525,19,126,56
1526,219,213,84
1527,212,205,89
1528,16,117,47
1529,25,72,51
1530,14,84,41
1531,24,110,59
1532,35,115,84
1533,22,77,53
1534,22,97,55
1535,22,97,55
1536,14,44,21
1537,54,129,117
1538,24,110,59
1539,14,44,21
1540,16,103,44
1541,14,84,41
1542,47,73,99
1543,23,91,55
1544,22,77,53
1545,25,72,51
1546,25,72,51
1547,23,83,49
1548,14,44,21
1549,16,117,47
1550,219,213,84
1551,24,87,60
1552,23,97,56
1553,17,99,52
1554,14,44,21
1555,24,132,53
1556,22,77,53
1557,22,97,55
1558,14,84,41
1559,136,134,99
1560,23,83,49
1561,38,131,78
1562,38,131,78
1563,28,12,9
1564,16,103,44
1565,23,127,66
1566,26,111,60
1567,19,126,56
1568,24,132,53
1569,46,61,76
1570,14,44,21
1571,23,127,66
1572,16,117,47
1573,23,97,56
1574,27,137,64
1575,17,99,52
1576,24,132,53
1577,16,103,44
1578,14,44,21
1579,14,44,21
1580,47,73,99
1581,26,111,60
1582,38,131,78
1583,27,90,80
1584,22,97,55
1585,20,103,50
1586,23,127,66
1587,25,72,51
1588,28,12,9
1589,16,117,47
1590,28,12,9
1591,16,103,44
1592,24,111,64
1593,25,72,51
1594,16,103,44
1595,38,36,22
1596,27,137,64
1597,19,126,56
1598,178,170,61
1599,24,110,59
1600,23,91,55
1601,26,111,60
1602,24,132,53
1603,16,117,47
1604,54,129,117
1605,35,115,84
1606,23,91,55
1607,27,137,64
1608,25,72,51
1609,38,131,78
1610,20,79,44
1611,14,84,41
1612,17,99,52
1613,28,12,9
1614,27,137,64
1615,22,97,55
1616,14,84,41
1617,24,110,59
1618,35,115,84
1619,25,97,69
1620,21,105,57
1621,26,106,55
1622,36,56,64
1623,26,122,54
1624,22,77,53
1625,14,84,41
1626,46,107,107
1627,21,105,57
1628,39,125,80
1629,24,132,53
1630,25,111,48
1631,24,91,40
1632,25,111,48
1633,21,120,54
1634,31,83,80
1635,18,116,57
1636,22,63,54
1637,19,118,48
1638,25,97,69
1639,26,122,54
1640,19,96,53
1641,120,121,63
1642,28,119,65
1643,28,110,67
1644,26,122,54
1645,39,125,80
1646,39,125,80
1647,18,116,57
1648,21,120,54
1649,18,116,57
1650,210,208,60
1651,25,87,69
1652,21,105,57
1653,17,120,52
1654,25,111,48
1655,25,111,48
1656,18,103,48
1657,19,118,48
1658,26,106,55
1659,28,119,65
1660,39,125,80
1661,18,92,46
1662,22,63,54
1663,16,84,38
1664,24,91,40
1665,17,102,54
1666,18,103,48
1667,39,125,80
1668,25,97,69
1669,25,111,48
1670,22,63,54
1671,29,91,84
1672,46,107,107
1673,18,92,46
1674,32,81,78
1675,28,110,67
1676,21,105,57
1677,17,120,52
1678,46,141,97
1679,19,96,53
1680,16,84,38
1681,26,106,55
1682,25,111,48
1683,25,111,48
1684,22,63,54
1685,19,96,53
1686,142,142,105
1687,24,91,40
1688,25,111,48
1689,26,106,55
1690,26,106,55
1691,46,107,107
1692,18,92,46
1693,17,102,54
1694,18,103,48
1695,16,84,38
1696,26,106,55
1697,28,110,67
1698,18,92,46
1699,24,91,40
1700,26,106,55
1701,29,91,84
1702,26,122,54
1703,46,141,97
1704,22,63,54
1705,18,103,48
1706,26,106,55
1707,46,107,107
1708,39,125,80
1709,18,116,57
1710,19,96,53
1711,19,118,48
1712,29,91,84
1713,18,116,57
1714,46,141,97
1715,21,120,54
1716,39,114,99
1717,39,125,80
1718,18,116,57
1719,18,116,57
1720,46,141,97
1721,22,63,54
1722,24,91,40
1723,154,160,105
1724,25,87,69
1725,18,76,50
1726,26,79,62
1727,26,79,62
1728,18,116,57
1729,18,92,46
1730,18,103,48
1731,23,81,45
1732,46,107,107
1733,39,114,99
1734,26,106,55
1735,25,55,55
1736,39,114,99
1737,18,76,50
1738,39,125,80
1739,17,120,52
1740,17,120,52
1741,17,120,52
1742,26,106,55
1743,18,116,57
1744,25,55,55
1745,16,84,38
1746,25,97,69
1747,21,105,57
1748,26,122,54
1749,17,120,52
1750,17,120,52
1751,19,96,53
1752,25,87,69
1753,36,99,80
1754,18,92,46
1755,142,142,105
1756,39,114,99
1757,39,125,80
1758,25,111,48
1759,21,120,54
1760,24,91,40
1761,23,81,45
1762,19,96,53
1763,19,118,48
1764,23,81,45
1765,25,97,69
1766,17,102,54
1767,42,67,93
1768,28,110,67
1769,25,111,48
1770,19,96,53
1771,28,110,67
1772,46,141,97
1773,22,63,54
1774,16,84,38
1775,19,118,48
1776,46,107,107
1777,28,119,65
1778,21,105,57
1779,17,120,52
1780,19,96,53
1781,23,81,45
1782,18,76,50
1783,22,63,54
1784,17,102,54
1785,16,84,38
1786,21,105,57
1787,18,116,57
1788,18,116,57
1789,19,118,48
1790,28,119,65
1791,39,114,99
1792,24,91,40
1793,182,177,88
1794,28,110,67
1795,46,141,97
1796,46,141,97
1797,21,120,54
1798,53,88,111
1799,26,122,54
1800,17,120,52
1801,18,92,46
1802,19,96,53
1803,26,122,54
1804,19,96,53
1805,46,141,97
1806,18,92,46
1807,25,111,48
1808,24,91,40
1809,24,91,40
1810,26,122,54
1811,25,111,48
1812,17,102,54
1813,19,96,53
1814,24,91,40
1815,24,68,39
1816,25,81,57
1817,46,141,97
1818,46,141,97
1819,18,92,46
1820,26,106,55
1821,183,189,86
1822,32,81,78
1823,28,119,65
1824,24,91,40
1825,18,116,57
1826,24,91,40
1827,46,107,107
1828,39,125,80
1829,18,103,48
1830,46,141,97
1831,19,96,53
1832,19,118,48
1833,26,106,55
1834,25,81,57
1835,19,118,48
1836,185,191,110
1837,22,63,54
1838,26,106,55
1839,26,79,62
1840,26,122,54
1841,26,122,54
1842,18,116,57
1843,25,111,48
1844,25,111,48
1845,17,102,54
1846,28,110,67
1847,18,76,50
1848,17,120,52
1849,18,116,57
1850,17,102,54
1851,29,91,84
1852,26,79,62
1853,17,120,52
1854,18,92,46
1855,26,106,55
1856,21,120,54
1857,36,53,68
1858,39,114,99
1859,25,111,48
1860,16,84,38
1861,19,118,48
1862,21,105,57
1863,25,111,48
1864,17,102,54
1865,21,105,57
1866,39,114,99
1867,21,105,57
1868,22,63,54
1869,17,102,54
1870,24,91,40
1871,39,125,80
1872,46,141,97
1873,18,92,46
1874,22,63,54
1875,39,114,99
1876,25,111,48
1877,26,106,55
1878,22,50,37
1879,26,122,54
1880,25,111,48
1881,21,120,54
1882,28,110,67
1883,25,97,69
1884,18,116,57
1885,18,92,46
1886,21,120,54
1887,39,125,80
1888,23,81,45
1889,18,103,48
1890,17,120,52
1891,210,208,60
1892,17,120,52
1893,18,92,46
1894,22,63,54
1895,36,53,68
1896,185,191,110
1897,29,91,84
1898,28,110,67
1899,17,120,52
1900,25,111,48
1901,26,122,54
1902,18,116,57
1903,46,141,97
1904,42,67,93
1905,31,83,80
1906,17,120,52
1907,46,141,97
1908,18,92,46
1909,18,92,46
1910,19,96,53
1911,19,118,48
1912,25,97,69
1913,19,96,53
1914,36,99,80
1915,18,103,48
1916,18,92,46
1917,21,107,55
1918,25,97,69
1919,51,64,77
1920,39,125,80
1921,17,120,52
1922,22,63,54
1923,22,63,54
1924,36,99,80
1925,26,79,62
1926,16,84,38
1927,182,177,88
1928,31,83,80
1929,17,102,54
1930,24,91,40
1931,31,56,62
1932,26,61,61
1933,25,97,69
1934,26,122,54
1935,25,111,48
1936,22,50,37
1937,18,76,50
1938,17,120,52
1939,25,55,55
1940,25,111,48
1941,39,125,80
1942,18,116,57
1943,21,108,54
1944,28,119,65
1945,17,120,52
1946,18,92,46
1947,25,111,48
1948,22,68,61
1949,42,67,93
1950,26,79,62
1951,39,125,80
1952,28,119,65
1953,17,102,54
1954,36,53,68
1955,53,88,111
1956,28,110,67
1957,39,114,99
1958,21,105,57
1959,16,84,38
1960,29,91,84
1961,26,122,54
1962,46,141,97
1963,17,102,54
1964,25,111,48
1965,17,102,54
1966,24,68,39
1967,46,107,107
1968,28,110,67
1969,22,63,54
1970,17,102,54
1971,18,103,48
1972,22,50,37
1973,18,116,57
1974,19,118,48
1975,46,141,97
1976,53,88,111
1977,46,107,107
1978,18,76,50
1979,18,94,47
1980,183,189,86
1981,46,141,97
1982,36,99,80
1983,39,114,99
1984,32,81,78
1985,18,92,46
1986,18,100,48
1987,19,118,48
1988,23,102,61
1989,25,81,57
1990,25,97,69
1991,25,111,48
1992,46,107,107
1993,21,105,57
1994,21,105,57
1995,17,120,52
1996,16,84,38
1997,18,116,57
1998,26,79,62
1999,26,122,54
2000,17,120,52
2001,39,125,80
2002,26,139,68
2003,23,112,63
2004,17,120,52
2005,18,100,48
2006,39,125,80
2007,21,108,54
2008,33,66,74
2009,23,129,57
2010,17,106,49
2011,40,129,80
2012,33,64,38
2013,26,61,61
2014,21,122,54
2015,23,86,52
2016,23,112,63
2017,40,129,80
2018,25,122,59
2019,23,102,61
2020,24,82,71
2021,23,86,62
2022,22,109,55
2023,18,97,49
2024,23,129,57
2025,17,106,49
2026,23,86,52
2027,23,112,63
2028,25,122,59
2029,21,108,54
2030,18,94,47
2031,27,87,70
2032,24,82,71
2033,25,122,59
2034,18,94,47
2035,43,82,99
2036,27,87,70
2037,20,104,42
2038,23,102,61
2039,29,71,59
2040,46,95,101
2041,46,93,95
2042,23,112,63
2043,23,129,57
2044,21,108,54
2045,23,102,61
2046,33,64,38
2047,44,74,98
2048,46,93,95
2049,23,86,62
2050,29,71,59
2051,25,122,59
2052,17,106,49
2053,26,139,68
2054,21,122,54
2055,20,104,42
2056,16,83,29
2057,26,94,68
2058,24,82,71
2059,23,86,62
2060,25,122,59
2061,23,129,57
2062,20,104,42
2063,44,74,98
2064,20,104,42
2065,24,65,32
2066,43,82,99
2067,21,122,54
2068,18,100,48
2069,33,66,74
2070,23,86,52
2071,24,87,66
2072,23,112,63
2073,18,100,48
2074,18,94,47
2075,21,122,54
2076,53,86,102
2077,21,108,54
2078,23,102,61
2079,23,86,62
2080,21,122,54
2081,33,66,74
2082,192,194,77
2083,53,86,102
2084,26,139,68
2085,23,102,61
2086,197,206,107
2087,24,87,66
2088,40,129,80
2089,25,122,59
2090,20,104,42
2091,20,104,42
2092,17,106,49
2093,18,97,49
2094,53,86,102
2095,25,122,59
2096,25,117,71
2097,24,87,66
2098,23,112,63
2099,25,122,59
2100,119,134,43
2101,27,87,70
2102,26,139,68
2103,40,129,80
2104,23,129,57
2105,20,104,42
2106,23,102,61
2107,16,83,29
2108,43,61,74
2109,25,122,59
2110,18,97,49
2111,119,134,43
2112,119,134,43
2113,24,82,71
2114,26,139,68
2115,21,107,55
2116,23,129,57
2117,18,100,48
2118,25,117,71
2119,40,129,80
2120,25,117,71
2121,23,102,61
2122,24,65,32
2123,21,122,54
2124,43,61,74
2125,192,194,77
2126,23,112,63
2127,23,129,57
2128,20,104,42
2129,23,102,61
2130,40,129,80
2131,25,122,59
2132,21,108,54
2133,23,112,63
2134,25,122,59
2135,23,86,52
2136,18,94,47
2137,26,139,68
2138,21,122,54
2139,18,94,47
2140,161,161,68
2141,46,93,95
2142,24,82,71
2143,18,100,48
2144,24,65,32
2145,33,66,74
2146,40,129,80
2147,40,129,80
2148,23,129,57
2149,67,81,89
2150,197,206,107
2151,23,86,52
2152,25,117,71
2153,20,104,42
2154,22,109,55
2155,23,86,52
2156,29,71,59
2157,192,194,77
2158,25,122,59
2159,23,81,53
2160,40,129,80
2161,21,108,54
2162,21,108,54
2163,40,129,80
2164,22,109,55
2165,22,109,55
2166,26,94,68
2167,26,94,68
2168,24,87,66
2169,20,104,42
2170,18,97,49
2171,23,102,61
2172,23,112,63
2173,25,117,71
2174,17,106,49
2175,23,102,61
2176,24,65,32
2177,16,83,29
2178,24,82,71
2179,26,139,68
2180,23,102,61
2181,26,67,48
2182,18,100,48
2183,25,117,71
2184,20,104,42
2185,24,65,32
2186,43,82,99
2187,26,94,68
2188,26,139,68
2189,21,107,55
2190,16,83,29
2191,23,86,52
2192,17,106,49
2193,24,87,66
2194,23,112,63
2195,25,122,59
2196,23,129,57
2197,25,122,59
2198,21,122,54
2199,17,106,49
2200,167,172,97
2201,167,172,97
2202,44,74,98
2203,18,94,47
2204,29,71,59
2205,43,61,74
2206,23,86,52
2207,20,104,42
2208,46,93,95
2209,40,129,80
2210,40,129,80
2211,53,86,102
2212,43,82,99
2213,23,86,52
2214,23,86,52
2215,23,86,62
2216,44,74,98
2217,20,104,42
2218,33,64,38
2219,48,72,81
2220,192,194,77
2221,23,102,61
2222,46,95,101
2223,23,86,52
2224,23,129,57
2225,23,129,57
2226,43,77,98
2227,26,139,68
2228,25,117,71
2229,22,109,55
2230,18,97,49
2231,197,206,107
2232,23,102,61
2233,21,122,54
2234,24,65,32
2235,24,82,71
2236,25,122,59
2237,23,129,57
2238,26,139,68
2239,23,102,61
2240,23,112,63
2241,40,129,80
2242,40,129,80
2243,21,107,55
2244,119,134,43
2245,42,69,97
2246,23,86,62
2247,23,129,57
2248,25,117,71
2249,22,109,55
2250,29,71,59
2251,21,107,55
2252,16,83,29
2253,29,71,59
2254,25,122,59
2255,21,122,54
2256,22,109,55
2257,43,82,99
2258,33,66,74
2259,27,87,70
2260,25,122,59
2261,21,122,54
2262,20,104,42
2263,29,71,59
2264,192,194,77
2265,23,86,62
2266,25,117,71
2267,23,81,53
2268,27,87,70
2269,24,87,66
2270,24,87,66
2271,18,94,47
2272,24,82,71
2273,18,100,48
2274,27,87,70
2275,26,139,68
2276,26,67,48
2277,46,95,101
2278,40,129,80
2279,25,122,59
2280,29,71,59
2281,192,194,77
2282,21,122,54
2283,33,66,74
2284,33,66,74
2285,40,129,80
2286,21,122,54
2287,23,129,57
2288,22,109,55
2289,24,82,71
2290,24,87,66
2291,23,112,63
2292,23,86,62
2293,20,104,42
2294,22,109,55
2295,23,102,61
2296,24,82,71
2297,40,129,80
2298,23,129,57
2299,20,104,42
2300,23,102,61
2301,23,102,61
2302,60,78,99
2303,46,93,95
2304,23,112,63
2305,23,129,57
2306,21,107,55
2307,24,82,71
2308,33,64,38
2309,17,106,49
2310,192,194,77
2311,23,86,62
2312,26,139,68
2313,23,129,57
2314,18,97,49
2315,25,122,59
2316,26,94,68
2317,21,122,54
2318,29,94,63
2319,43,82,99
2320,32,97,55
2321,40,129,80
2322,25,77,56
2323,23,129,57
2324,25,117,71
2325,20,109,55
2326,18,94,47
2327,23,87,54
2328,21,122,54
2329,21,107,55
2330,20,116,55
2331,33,66,74
2332,21,100,46
2333,17,106,49
2334,32,97,55
2335,23,129,57
2336,31,65,45
2337,29,71,59
2338,48,69,78
2339,23,99,66
2340,25,77,56
2341,23,111,54
2342,20,105,54
2343,21,122,54
2344,22,103,58
2345,28,58,63
2346,28,99,51
2347,19,93,36
2348,126,141,62
2349,26,81,68
2350,22,120,63
2351,17,94,44
2352,21,93,56
2353,22,97,58
2354,47,92,107
2355,26,81,68
2356,18,122,46
2357,22,103,58
2358,22,97,58
2359,47,92,107
2360,26,81,68
2361,17,94,44
2362,31,65,45
2363,18,122,46
2364,22,97,58
2365,30,66,81
2366,43,87,105
2367,19,97,53
2368,112,125,53
2369,26,81,68
2370,23,111,54
2371,20,109,55
2372,20,109,55
2373,22,120,63
2374,112,125,53
2375,19,97,53
2376,18,122,46
2377,22,97,58
2378,47,92,107
2379,30,66,81
2380,19,93,36
2381,23,87,54
2382,46,79,104
2383,19,97,53
2384,30,29,26
2385,32,97,55
2386,21,93,56
2387,23,87,69
2388,19,93,36
2389,23,99,66
2390,21,93,56
2391,23,87,54
2392,28,58,63
2393,20,116,55
2394,20,116,55
2395,18,122,46
2396,20,109,55
2397,23,87,69
2398,19,93,36
2399,22,97,58
2400,28,99,51
2401,20,116,55
2402,22,97,58
2403,22,76,50
2404,23,99,66
2405,23,111,54
2406,20,105,54
2407,22,120,63
2408,39,74,68
2409,43,87,105
2410,22,89,66
2411,23,99,66
2412,20,105,54
2413,23,87,69
2414,23,87,69
2415,23,99,66
2416,28,99,51
2417,19,97,53
2418,23,87,54
2419,22,97,58
2420,18,122,46
2421,19,93,36
2422,23,87,69
2423,23,99,66
2424,28,99,51
2425,22,97,58
2426,29,94,63
2427,32,97,55
2428,21,100,46
2429,31,65,45
2430,22,97,58
2431,17,94,44
2432,24,104,60
2433,20,105,54
2434,19,97,53
2435,18,122,46
2436,23,87,54
2437,22,89,66
2438,20,105,54
2439,22,120,63
2440,24,104,60
2441,32,97,55
2442,28,99,51
2443,17,94,44
2444,19,97,53
2445,23,87,69
2446,23,111,54
2447,23,87,69
2448,32,97,55
2449,112,125,53
2450,23,111,54
2451,22,97,58
2452,30,66,81
2453,23,87,69
2454,22,89,66
2455,19,97,53
2456,19,93,36
2457,21,100,46
2458,23,111,54
2459,53,80,89
2460,20,116,55
2461,18,122,46
2462,21,93,56
2463,23,87,54
2464,26,81,68
2465,22,89,66
2466,19,93,36
2467,22,120,63
2468,19,97,53
2469,46,55,60
2470,30,66,81
2471,47,92,107
2472,22,89,66
2473,23,99,66
2474,23,111,54
2475,29,94,63
2476,112,125,53
2477,28,99,51
2478,17,94,44
2479,43,87,105
2480,19,93,36
2481,20,105,54
2482,23,87,54
2483,29,94,63
2484,51,80,104
2485,51,80,104
2486,46,77,98
2487,21,100,46
2488,21,93,56
2489,19,104,49
2490,39,74,68
2491,22,120,63
2492,47,92,107
2493,24,104,60
2494,22,97,58
2495,23,99,66
2496,32,97,55
2497,19,93,36
2498,23,111,54
2499,28,99,51
2500,19,97,53
2501,18,122,46
2502,60,78,99
2503,69,94,102
2504,26,81,68
2505,23,87,54
2506,23,99,66
2507,21,100,46
2508,28,99,51
2509,17,94,44
2510,15,68,34
2511,22,89,66
2512,23,99,66
2513,23,111,54
2514,20,105,54
2515,15,68,34
2516,20,105,54
2517,26,81,68
2518,21,100,46
2519,25,77,56
2520,43,87,105
2521,26,81,68
2522,32,97,55
2523,20,116,55
2524,43,87,105
2525,25,77,56
2526,20,109,55
2527,22,89,66
2528,20,105,54
2529,31,65,45
2530,28,99,51
2531,30,29,26
2532,20,105,54
2533,17,94,44
2534,23,111,54
2535,18,122,46
2536,31,65,45
2537,28,58,63
2538,23,87,69
2539,28,58,68
2540,17,94,44
2541,21,100,46
2542,22,89,66
2543,23,99,66
2544,28,99,51
2545,20,109,55
2546,15,68,34
2547,23,87,69
2548,28,99,51
2549,22,122,54
2550,19,97,53
2551,19,93,36
2552,23,111,54
2553,22,120,63
2554,21,100,46
2555,19,97,53
2556,31,65,45
2557,43,87,105
2558,26,81,68
2559,17,94,44
2560,18,122,46
2561,20,109,55
2562,31,65,45
2563,22,120,63
2564,55,83,103
2565,22,97,58
2566,26,81,68
2567,23,111,54
2568,47,92,107
2569,23,111,54
2570,15,68,34
2571,22,89,66
2572,19,97,53
2573,15,68,34
2574,22,89,66
2575,22,97,58
2576,23,111,54
2577,29,94,63
2578,26,81,68
2579,26,81,68
2580,28,99,51
2581,46,79,104
2582,38,59,33
2583,20,109,55
2584,23,111,54
2585,18,122,46
2586,15,68,34
2587,60,78,99
2588,26,81,68
2589,22,120,63
2590,26,81,68
2591,21,93,56
2592,19,97,53
2593,21,93,56
2594,22,89,66
2595,20,105,54
2596,23,111,54
2597,20,105,54
2598,18,122,46
2599,27,26,26
2600,15,68,34
2601,53,62,55
2602,55,83,103
2603,26,81,68
2604,21,100,46
2605,23,111,54
2606,55,83,103
2607,22,120,63
2608,26,107,64
2609,46,79,104
2610,17,94,44
2611,18,97,45
2612,23,111,54
2613,20,105,54
2614,17,94,44
2615,19,104,49
2616,46,114,94
2617,15,116,44
2618,38,59,33
2619,20,116,55
2620,24,98,65
2621,20,112,54
2622,29,94,63
2623,51,111,96
2624,43,87,105
2625,26,75,61
2626,27,26,26
2627,18,92,50
2628,38,59,33
2629,15,116,44
2630,20,112,54
2631,23,105,59
2632,18,104,48
2633,56,81,101
2634,45,88,100
2635,20,116,49
2636,151,166,67
2637,51,111,96
2638,17,101,54
2639,22,122,54
2640,24,98,65
2641,21,117,49
2642,154,161,108
2643,18,92,50
2644,24,98,65
2645,38,59,33
2646,22,122,54
2647,19,67,51
2648,20,116,49
2649,28,58,68
2650,26,75,61
2651,26,75,61
2652,22,105,61
2653,60,91,109
2654,17,101,54
2655,38,59,33
2656,149,153,74
2657,18,94,63
2658,18,94,63
2659,23,105,62
2660,18,97,45
2661,26,75,61
2662,38,59,33
2663,20,112,54
2664,19,67,51
2665,18,94,63
2666,18,92,50
2667,25,57,50
2668,26,107,64
2669,18,92,50
2670,21,117,49
2671,21,117,49
2672,18,104,48
2673,149,153,74
2674,26,86,66
2675,20,93,38
2676,23,105,59
2677,46,114,94
2678,20,93,38
2679,18,125,52
2680,154,161,108
2681,17,101,54
2682,22,122,54
2683,23,105,62
2684,20,112,54
2685,38,61,33
2686,24,98,65
2687,22,122,54
2688,28,63,57
2689,38,59,33
2690,20,93,38
2691,19,67,51
2692,18,92,50
2693,20,116,49
2694,19,67,51
2695,18,104,48
2696,45,88,100
2697,17,101,54
2698,22,108,63
2699,20,93,38
2700,22,122,54
2701,21,117,49
2702,18,97,45
2703,38,61,33
2704,15,116,44
2705,23,105,59
2706,71,94,116
2707,56,81,101
2708,45,88,100
2709,22,122,54
2710,18,104,48
2711,22,108,63
2712,60,91,109
2713,26,75,61
2714,22,108,63
2715,18,125,52
2716,39,68,68
2717,24,98,65
2718,23,105,62
2719,154,161,108
2720,18,97,45
2721,51,111,96
2722,21,117,49
2723,18,125,52
2724,28,63,57
2725,21,117,49
2726,19,67,51
2727,18,97,45
2728,51,111,96
2729,17,101,54
2730,24,98,65
2731,19,67,51
2732,27,26,26
2733,20,116,49
2734,22,122,54
2735,17,101,54
2736,18,94,63
2737,23,105,62
2738,18,94,63
2739,18,125,52
2740,26,75,61
2741,26,75,61
2742,18,94,63
2743,32,56,44
2744,15,116,44
2745,20,112,54
2746,201,199,84
2747,46,114,94
2748,22,122,54
2749,28,58,68
2750,38,59,33
2751,18,94,63
2752,38,59,33
2753,22,122,54
2754,20,112,54
2755,18,97,45
2756,46,114,94
2757,17,101,54
2758,18,97,45
2759,18,125,52
2760,53,90,107
2761,15,104,40
2762,22,108,63
2763,20,93,38
2764,22,122,54
2765,33,71,78
2766,20,93,38
2767,22,122,54
2768,71,94,116
2769,26,75,61
2770,23,105,62
2771,18,104,48
2772,23,105,62
2773,26,75,61
2774,22,108,63
2775,21,117,49
2776,22,105,61
2777,32,56,44
2778,17,101,54
2779,18,92,50
2780,18,125,52
2781,33,71,78
2782,19,67,51
2783,23,105,59
2784,18,94,63
2785,15,116,44
2786,20,93,38
2787,28,58,68
2788,151,166,67
2789,22,122,54
2790,23,105,62
2791,22,105,61
2792,22,108,63
2793,22,108,63
2794,38,59,33
2795,26,107,64
2796,151,166,67
2797,46,114,94
2798,45,88,100
2799,45,88,100
2800,26,75,61
2801,21,117,49
2802,23,105,59
2803,27,26,26
2804,17,101,54
2805,23,105,59
2806,46,114,94
2807,26,75,61
2808,21,117,49
2809,18,104,48
2810,26,75,61
2811,17,101,54
2812,24,98,65
2813,151,166,67
2814,20,112,54
2815,28,63,57
2816,56,81,101
2817,18,94,63
2818,33,71,78
2819,23,105,62
2820,51,111,96
2821,19,67,51
2822,22,105,61
2823,20,93,38
2824,22,122,54
2825,71,94,116
2826,201,199,84
2827,17,101,54
2828,18,94,63
2829,24,98,65
2830,23,105,62
2831,45,88,100
2832,17,101,54
2833,23,105,59
2834,26,107,64
2835,18,92,50
2836,18,92,50
2837,23,105,59
2838,18,97,45
2839,18,125,52
2840,26,86,66
2841,22,122,54
2842,37,82,78
2843,22,108,63
2844,38,59,33
2845,21,117,49
2846,23,105,59
2847,18,92,50
2848,17,101,54
2849,38,59,33
2850,18,97,45
2851,25,57,50
2852,26,107,64
2853,46,114,94
2854,20,93,38
2855,21,117,49
2856,32,56,44
2857,18,94,63
2858,22,108,63
2859,38,59,33
2860,18,125,52
2861,149,153,74
2862,16,86,48
2863,22,105,61
2864,21,117,49
2865,26,75,61
2866,17,101,54
2867,25,57,50
2868,51,111,96
2869,45,88,100
2870,17,101,54
2871,15,116,44
2872,15,116,44
2873,41,72,90
2874,22,91,54
2875,188,181,114
2876,21,90,56
2877,23,113,63
2878,19,66,42
2879,69,91,111
2880,22,108,63
2881,21,110,55
2882,19,66,42
2883,20,113,54
2884,24,95,63
2885,21,110,55
2886,15,104,40
2887,25,112,53
2888,27,93,54
2889,22,104,56
2890,50,83,101
2891,21,90,56
2892,25,112,53
2893,33,91,75
2894,66,82,87
2895,63,88,125
2896,20,96,56
2897,20,113,54
2898,50,83,101
2899,21,90,56
2900,19,66,42
2901,19,66,42
2902,21,108,54
2903,21,112,57
2904,37,82,78
2905,33,77,75
2906,20,96,56
2907,21,112,57
2908,25,112,53
2909,20,98,47
2910,71,88,117
2911,53,106,107
2912,21,108,54
2913,20,98,47
2914,21,112,57
2915,69,91,111
2916,16,86,48
2917,16,86,48
2918,20,95,44
2919,20,98,47
2920,33,73,82
2921,20,96,56
2922,67,88,118
2923,33,77,75
2924,21,110,55
2925,182,178,97
2926,44,94,92
2927,19,93,55
2928,25,112,53
2929,22,104,56
2930,71,88,117
2931,33,77,75
2932,27,93,54
2933,18,108,45
2934,21,67,46
2935,21,90,56
2936,21,108,54
2937,19,66,42
2938,21,110,55
2939,23,113,63
2940,22,91,54
2941,25,112,53
2942,20,95,44
2943,21,67,46
2944,20,113,54
2945,69,91,111
2946,44,94,92
2947,33,77,75
2948,16,86,48
2949,16,86,48
2950,20,98,47
2951,20,98,47
2952,22,104,56
2953,23,113,63
2954,69,91,111
2955,48,81,96
2956,21,110,55
2957,44,70,83
2958,33,73,82
2959,20,96,56
2960,20,96,56
2961,20,95,44
2962,53,106,107
2963,21,42,40
2964,19,93,55
2965,23,113,63
2966,15,104,40
2967,33,77,75
2968,21,108,54
2969,20,113,54
2970,20,96,56
2971,21,90,56
2972,22,104,56
2973,21,86,62
2974,25,112,53
2975,18,108,45
2976,19,93,55
2977,20,96,56
2978,18,108,45
2979,20,96,56
2980,27,93,54
2981,20,98,47
2982,20,113,54
2983,21,110,55
2984,33,91,75
2985,32,69,58
2986,21,90,56
2987,67,88,118
2988,69,91,111
2989,53,106,107
2990,25,112,53
2991,25,112,53
2992,63,78,89
2993,20,95,44
2994,188,181,114
2995,21,86,62
2996,21,86,62
2997,25,112,53
2998,16,86,48
2999,23,113,63
3000,21,67,46
3001,20,96,56
3002,16,86,48
3003,20,113,54
3004,33,91,75
3005,33,77,75
3006,19,93,55
3007,22,91,54
3008,22,104,56
3009,19,93,55
3010,16,86,48
3011,23,113,63
3012,20,95,44
3013,37,82,78
3014,18,108,45
3015,21,42,40
3016,21,112,57
3017,27,93,54
3018,21,108,54
3019,20,96,56
3020,21,112,57
3021,21,86,62
3022,20,98,47
3023,46,81,104
3024,182,178,97
3025,33,73,82
3026,33,91,75
3027,25,112,53
3028,33,73,82
3029,20,96,56
3030,20,95,44
3031,21,110,55
3032,21,67,46
3033,22,104,56
3034,25,112,53
3035,25,112,53
3036,21,110,55
3037,21,42,40
3038,20,96,56
3039,27,93,54
3040,19,66,42
3041,22,104,56
3042,32,69,58
3043,63,78,89
3044,73,101,105
3045,182,178,97
3046,20,96,56
3047,25,112,53
3048,23,113,63
3049,21,112,57
3050,33,91,75
3051,21,90,56
3052,22,104,56
3053,16,86,48
3054,63,88,125
3055,27,93,54
3056,21,108,54
3057,27,104,69
3058,20,113,54
3059,20,113,54
3060,21,110,55
3061,33,91,75
3062,73,101,105
3063,19,93,55
3064,21,90,56
3065,24,95,63
3066,22,104,56
3067,22,91,54
3068,33,91,75
3069,18,108,45
3070,48,81,96
3071,21,86,62
3072,21,90,56
3073,25,112,53
3074,15,104,40
3075,37,82,78
3076,20,96,56
3077,18,108,45
3078,15,104,40
3079,21,86,62
3080,19,93,55
3081,22,91,54
3082,21,108,54
3083,73,101,105
3084,33,77,75
3085,63,78,89
3086,44,94,92
3087,27,93,54
3088,18,108,45
3089,33,73,82
3090,21,108,54
3091,20,113,54
3092,22,104,56
3093,20,113,54
3094,21,90,56
3095,27,93,54
3096,33,91,75
3097,53,106,107
3098,27,93,54
3099,25,112,53
3100,23,113,63
3101,20,98,47
3102,25,112,53
3103,20,98,47
3104,25,112,53
3105,29,29,29
3106,24,95,63
3107,37,82,78
3108,73,101,105
3109,22,91,54
3110,20,98,47
3111,21,112,57
3112,69,91,111
3113,33,91,75
3114,69,91,111
3115,23,113,63
3116,53,106,107
3117,25,112,53
3118,19,66,42
3119,21,112,57
3120,15,104,40
3121,33,77,75
3122,27,93,54
3123,19,66,42
3124,21,67,46
3125,18,108,45
3126,24,95,60
3127,188,181,114
3128,19,93,55
3129,18,108,45
3130,23,113,63
3131,27,56,60
3132,27,93,54
3133,25,112,53
3134,18,108,45
3135,20,113,54
3136,21,67,46
3137,44,94,92
3138,33,77,75
3139,27,93,54
3140,33,91,75
3141,21,86,62
3142,21,108,54
3143,21,108,54
3144,44,70,83
3145,21,110,55
3146,21,110,55
3147,21,90,56
3148,27,93,54
3149,21,108,54
3150,21,108,54
3151,16,86,48
3152,20,79,46
3153,21,108,54
3154,15,104,40
3155,48,81,96
3156,21,86,62
3157,25,112,53
3158,18,108,45
3159,18,108,45
3160,33,91,75
3161,41,72,90
3162,48,81,96
3163,22,91,54
3164,20,98,47
3165,46,74,92
3166,18,108,45
3167,18,76,41
3168,48,79,108
3169,14,82,35
3170,20,89,58
3171,20,89,58
3172,18,76,41
3173,20,135,55
3174,22,91,60
3175,42,89,73
3176,22,106,55
3177,18,76,41
3178,23,98,61
3179,25,123,61
3180,45,89,79
3181,42,89,73
3182,21,102,56
3183,42,89,73
3184,30,53,56
3185,45,106,105
3186,22,91,60
3187,22,91,60
3188,26,98,66
3189,22,112,56
3190,22,112,56
3191,20,79,46
3192,20,98,49
3193,21,119,54
3194,21,119,54
3195,23,103,53
3196,51,76,78
3197,62,83,101
3198,30,53,56
3199,42,89,73
3200,25,123,61
3201,30,53,56
3202,30,53,56
3203,45,89,79
3204,20,98,49
3205,14,82,35
3206,42,89,73
3207,53,79,88
3208,20,89,58
3209,22,110,58
3210,20,79,46
3211,31,77,73
3212,20,89,58
3213,46,74,92
3214,22,91,60
3215,23,103,53
3216,22,112,56
3217,57,73,92
3218,23,98,61
3219,22,106,55
3220,67,91,98
3221,21,109,58
3222,21,119,54
3223,20,79,46
3224,20,79,46
3225,23,98,61
3226,22,110,58
3227,45,89,79
3228,21,102,56
3229,30,53,56
3230,25,123,61
3231,20,79,46
3232,78,95,109
3233,48,79,108
3234,25,123,61
3235,20,89,58
3236,22,106,55
3237,33,60,75
3238,51,76,78
3239,18,76,41
3240,31,77,73
3241,30,53,56
3242,25,123,61
3243,20,89,58
3244,22,110,58
3245,22,110,58
3246,46,74,92
3247,21,102,56
3248,18,76,41
3249,21,119,54
3250,22,110,58
3251,48,79,108
3252,51,76,78
3253,42,89,73
3254,20,89,58
3255,25,123,61
3256,21,119,54
3257,78,95,109
3258,53,79,88
3259,53,79,88
3260,26,98,66
3261,30,53,56
3262,27,104,69
3263,26,98,66
3264,20,79,46
3265,23,98,61
3266,45,89,79
3267,27,56,60
3268,21,102,56
3269,19,16,14
3270,33,60,75
3271,31,77,73
3272,23,103,53
3273,22,106,55
3274,27,104,69
3275,27,104,69
3276,45,89,79
3277,62,83,101
3278,20,98,49
3279,25,123,61
3280,18,76,41
3281,20,79,46
3282,30,53,56
3283,24,95,60
3284,46,74,92
3285,20,98,49
3286,25,123,61
3287,20,79,46
3288,31,77,73
3289,27,56,60
3290,22,112,56
3291,30,53,56
3292,22,106,55
3293,45,89,79
3294,31,77,73
3295,22,91,60
3296,14,82,35
3297,30,53,56
3298,27,104,69
3299,22,110,58
3300,27,104,69
3301,20,79,46
3302,20,98,49
3303,18,76,41
3304,31,77,73
3305,25,123,61
3306,21,109,58
3307,21,109,58
3308,27,104,69
3309,24,95,60
3310,23,91,61
3311,20,89,58
3312,23,98,61
3313,22,91,60
3314,23,91,61
3315,22,112,56
3316,20,89,58
3317,23,98,61
3318,22,91,60
3319,21,109,58
3320,23,98,61
3321,26,98,66
3322,20,79,46
3323,62,83,101
3324,45,106,105
3325,20,79,46
3326,48,79,108
3327,46,74,92
3328,40,72,91
3329,20,89,58
3330,20,135,55
3331,20,89,58
3332,53,79,88
3333,22,110,58
3334,45,89,79
3335,23,103,53
3336,25,123,61
3337,21,109,58
3338,24,95,60
3339,24,95,60
3340,23,91,61
3341,20,135,55
3342,22,110,58
3343,24,95,60
3344,67,91,98
3345,18,76,41
3346,22,112,56
3347,22,112,56
3348,23,103,53
3349,62,83,101
3350,77,110,124
3351,22,106,55
3352,22,110,58
3353,40,72,91
3354,27,104,69
3355,46,74,92
3356,23,98,61
3357,46,74,92
3358,40,72,91
3359,20,89,58
3360,22,110,58
3361,21,102,56
3362,25,123,61
3363,22,106,55
3364,45,89,79
3365,31,77,73
3366,21,119,54
3367,36,48,42
3368,23,91,61
3369,22,91,60
3370,21,102,56
3371,22,106,55
3372,22,105,67
3373,57,79,90
3374,30,53,56
3375,26,98,66
3376,161,171,107
3377,23,98,61
3378,21,102,56
3379,25,123,61
3380,21,109,58
3381,21,119,54
3382,20,89,58
3383,30,53,56
3384,30,53,56
3385,18,76,41
3386,22,110,58
3387,22,91,60
3388,20,98,49
3389,26,98,66
3390,21,119,54
3391,22,112,56
3392,45,106,105
3393,40,72,91
3394,20,89,58
3395,27,104,69
3396,24,95,60
3397,57,79,90
3398,20,98,49
3399,25,123,61
3400,22,106,55
3401,23,103,53
3402,29,91,73
3403,23,98,61
3404,20,135,55
3405,23,103,53
3406,22,110,58
3407,18,76,41
3408,20,135,55
3409,60,81,101
3410,77,110,124
3411,20,98,49
3412,26,98,66
3413,20,89,58
3414,21,109,58
3415,21,119,54
3416,23,91,61
3417,22,106,55
3418,27,104,69
3419,22,112,56
3420,33,60,75
3421,42,89,73
3422,78,95,109
3423,20,98,49
3424,30,53,56
3425,20,89,58
3426,23,98,61
3427,46,74,92
3428,27,104,69
3429,33,60,75
3430,31,77,73
3431,22,112,56
3432,31,77,73
3433,20,89,58
3434,15,90,44
3435,22,105,67
3436,78,95,109
3437,53,79,88
3438,22,106,55
3439,60,81,101
3440,42,89,73
3441,22,91,60
3442,23,91,61
3443,22,110,58
3444,67,91,98
3445,40,72,91
3446,42,89,73
3447,23,91,61
3448,24,95,60
3449,13,59,30
3450,16,74,36
3451,24,95,60
3452,74,94,114
3453,20,98,49
3454,24,95,63
3455,22,98,55
3456,19,96,46
3457,42,64,81
3458,46,69,47
3459,20,92,59
3460,22,81,60
3461,21,108,55
3462,57,80,108
3463,39,69,76
3464,18,97,53
3465,21,90,47
3466,19,96,46
3467,23,69,52
3468,29,91,73
3469,55,88,110
3470,15,90,44
3471,28,67,63
3472,18,97,53
3473,22,78,57
3474,22,81,60
3475,46,69,47
3476,24,95,63
3477,63,74,79
3478,40,91,85
3479,22,81,60
3480,18,97,53
3481,29,91,73
3482,17,74,46
3483,13,59,30
3484,22,98,55
3485,40,91,85
3486,39,69,76
3487,29,91,73
3488,35,50,70
3489,22,105,67
3490,13,59,30
3491,28,67,63
3492,40,99,84
3493,55,88,110
3494,24,84,68
3495,20,92,59
3496,23,69,52
3497,21,90,47
3498,35,50,70
3499,40,91,85
3500,21,90,47
3501,24,84,68
3502,17,74,46
3503,19,96,46
3504,23,69,52
3505,46,69,47
3506,17,74,46
3507,19,96,46
3508,24,95,57
3509,20,92,59
3510,46,69,47
3511,22,78,57
3512,33,71,78
3513,33,71,78
3514,39,69,76
3515,22,98,55
3516,69,92,111
3517,40,91,85
3518,24,84,68
3519,21,90,47
3520,22,81,60
3521,17,74,46
3522,22,105,67
3523,22,98,55
3524,35,50,70
3525,24,84,68
3526,22,100,58
3527,28,27,28
3528,55,88,110
3529,16,74,36
3530,22,98,55
3531,16,74,36
3532,19,96,46
3533,46,69,47
3534,13,59,30
3535,19,96,46
3536,39,69,76
3537,21,90,47
3538,24,95,63
3539,24,95,57
3540,28,67,63
3541,40,91,85
3542,24,84,68
3543,18,92,50
3544,28,27,28
3545,33,71,78
3546,40,99,84
3547,19,96,46
3548,24,84,68
3549,23,69,52
3550,74,94,114
3551,21,108,55
3552,48,69,77
3553,21,108,55
3554,74,94,114
3555,18,97,53
3556,21,108,55
3557,18,92,50
3558,17,74,46
3559,22,98,55
3560,61,76,74
3561,40,99,84
3562,57,87,115
3563,22,78,57
3564,22,78,57
3565,29,91,73
3566,16,74,36
3567,20,92,59
3568,46,69,47
3569,21,90,47
3570,22,105,67
3571,22,98,55
3572,23,69,52
3573,24,95,63
3574,21,108,55
3575,19,96,46
3576,42,64,81
3577,57,72,77
3578,69,92,111
3579,40,99,84
3580,20,92,59
3581,46,69,47
3582,21,90,47
3583,22,105,67
3584,26,47,57
3585,24,95,57
3586,21,90,47
3587,24,84,68
3588,17,74,46
3589,22,105,67
3590,19,96,46
3591,16,74,36
3592,19,16,13
3593,57,80,108
3594,13,59,30
3595,52,88,105
3596,22,100,58
3597,55,88,110
3598,24,95,57
3599,21,108,55
3600,42,64,81
3601,15,90,44
3602,24,95,57
3603,22,98,55
3604,35,50,70
3605,64,83,101
3606,39,69,76
3607,22,100,58
3608,16,74,36
3609,35,50,70
3610,33,71,78
3611,20,92,59
3612,20,68,50
3613,28,67,63
3614,40,99,84
3615,16,74,36
3616,19,96,46
3617,74,94,114
3618,13,59,30
3619,22,78,57
3620,22,100,58
3621,40,91,85
3622,24,95,63
3623,19,96,46
3624,23,69,52
3625,18,92,50
3626,22,105,67
3627,17,74,46
3628,24,95,63
3629,33,71,78
3630,22,98,55
3631,39,69,76
3632,15,90,44
3633,46,69,47
3634,21,90,47
3635,22,78,57
3636,23,69,52
3637,63,74,79
3638,46,69,47
3639,22,100,58
3640,16,74,36
3641,19,96,46
3642,61,76,74
3643,22,105,67
3644,21,108,55
3645,57,72,77
3646,21,90,47
3647,28,67,63
3648,40,91,85
3649,21,90,47
3650,17,74,46
3651,40,99,84
3652,57,87,115
3653,17,74,46
3654,13,59,30
3655,21,108,55
3656,22,100,58
3657,22,81,60
3658,22,78,57
3659,22,78,57
3660,24,95,63
3661,52,88,105
3662,40,99,84
3663,24,84,68
3664,20,92,59
3665,40,91,85
3666,22,98,55
3667,24,84,68
3668,19,96,46
3669,18,92,50
3670,22,100,58
3671,40,99,84
3672,63,74,79
3673,39,69,76
3674,24,84,68
3675,22,105,67
3676,57,87,115
3677,24,84,68
3678,22,98,55
3679,24,84,68
3680,24,95,57
3681,23,69,52
3682,17,74,46
3683,17,74,46
3684,57,72,77
3685,18,97,53
3686,21,108,55
3687,22,100,58
3688,13,59,30
3689,21,108,55
3690,37,75,91
3691,20,92,59
3692,69,92,111
3693,22,100,58
3694,24,95,63
3695,33,71,78
3696,18,92,50
3697,24,95,63
3698,63,74,79
3699,40,99,84
3700,18,97,53
3701,24,95,63
3702,21,108,55
3703,40,91,85
3704,42,64,81
3705,23,101,62
3706,32,81,79
3707,22,81,60
3708,22,105,67
3709,21,99,53
3710,55,88,110
3711,22,78,57
3712,22,105,67
3713,22,99,56
3714,21,108,55
3715,22,78,57
3716,14,92,39
3717,21,90,47
3718,16,74,36
3719,55,105,109
3720,20,92,59
3721,28,98,54
3722,68,92,112
3723,38,76,85
3724,22,98,54
3725,44,62,74
3726,33,116,66
3727,55,105,109
3728,18,73,41
3729,14,84,39
3730,16,107,41
3731,14,84,39
3732,17,83,43
3733,33,116,66
3734,24,57,32
3735,22,98,54
3736,34,81,79
3737,15,94,40
3738,54,100,105
3739,20,77,54
3740,20,64,48
3741,28,98,54
3742,68,92,112
3743,33,116,66
3744,28,98,54
3745,18,73,41
3746,18,73,41
3747,25,60,53
3748,55,105,109
3749,32,81,79
3750,14,92,39
3751,14,92,39
3752,14,92,39
3753,33,116,66
3754,28,98,54
3755,15,94,40
3756,23,85,65
3757,20,64,48
3758,22,98,54
3759,14,84,39
3760,17,83,43
3761,16,107,41
3762,37,75,91
3763,24,57,32
3764,54,100,105
3765,16,107,41
3766,21,99,53
3767,20,77,54
3768,34,81,79
3769,61,79,95
3770,16,107,41
3771,28,98,54
3772,18,73,41
3773,15,94,40
3774,44,62,74
3775,18,73,41
3776,20,68,50
3777,55,105,109
3778,14,84,39
3779,18,73,41
3780,16,107,41
3781,20,77,54
3782,22,99,56
3783,49,72,76
3784,54,100,105
3785,17,83,43
3786,15,94,40
3787,22,98,54
3788,23,101,62
3789,18,73,41
3790,15,94,40
3791,23,101,62
3792,68,86,96
3793,55,105,109
3794,34,81,79
3795,55,105,109
3796,22,99,56
3797,55,105,109
3798,32,81,79
3799,20,64,48
3800,33,116,66
3801,21,99,53
3802,41,60,87
3803,34,81,79
3804,33,116,66
3805,15,94,40
3806,68,86,96
3807,17,83,43
3808,28,98,54
3809,28,98,54
3810,15,94,40
3811,17,83,43
3812,32,81,79
3813,23,85,65
3814,54,100,105
3815,38,76,85
3816,32,81,79
3817,16,107,41
3818,21,99,53
3819,21,99,53
3820,37,75,91
3821,24,57,32
3822,34,81,79
3823,23,85,65
3824,21,99,53
3825,28,98,54
3826,23,101,62
3827,22,99,56
3828,41,60,87
3829,33,116,66
3830,24,57,32
3831,14,92,39
3832,15,94,40
3833,17,83,43
3834,15,94,40
3835,23,101,62
3836,24,57,32
3837,14,92,39
3838,69,92,114
3839,32,81,79
3840,28,98,54
3841,43,91,88
3842,54,100,105
3843,33,116,66
3844,24,57,32
3845,23,85,65
3846,38,76,85
3847,24,57,32
3848,16,107,41
3849,22,98,54
3850,20,77,54
3851,45,64,78
3852,41,60,87
3853,32,81,79
3854,38,76,85
3855,14,84,39
3856,22,98,54
3857,22,98,54
3858,20,64,48
3859,32,81,79
3860,37,75,91
3861,32,81,79
3862,28,98,54
3863,40,84,92
3864,23,85,65
3865,14,84,39
3866,17,83,43
3867,20,64,48
3868,45,64,78
3869,32,81,79
3870,16,107,41
3871,20,64,48
3872,21,19,16
3873,14,84,39
3874,33,116,66
3875,24,57,32
3876,18,73,41
3877,21,99,53
3878,22,99,56
3879,32,81,79
3880,22,99,56
3881,14,92,39
3882,18,73,41
3883,23,101,62
3884,15,94,40
3885,20,68,50
3886,32,81,79
3887,21,99,53
3888,63,77,81
3889,49,72,76
3890,34,81,79
3891,21,99,53
3892,32,81,79
3893,20,77,54
3894,44,62,74
3895,32,81,79
3896,18,73,41
3897,20,77,54
3898,23,85,65
3899,20,64,48
3900,34,32,26
3901,34,81,79
3902,33,116,66
3903,22,99,56
3904,37,75,91
3905,16,107,41
3906,28,98,54
3907,55,105,109
3908,22,99,56
3909,20,68,50
3910,54,100,105
3911,23,101,62
3912,21,99,53
3913,193,200,67
3914,23,101,62
3915,24,57,32
3916,54,100,105
3917,23,85,65
3918,24,57,32
3919,16,107,41
3920,33,116,66
3921,24,57,32
3922,41,60,87
3923,55,105,109
3924,38,76,85
3925,20,68,50
3926,32,81,79
3927,32,81,79
3928,23,101,62
3929,15,94,40
3930,23,85,65
3931,43,91,88
3932,14,92,39
3933,28,98,54
3934,37,75,91
3935,28,98,54
3936,25,60,53
3937,33,116,66
3938,45,64,78
3939,24,57,32
3940,18,73,41
3941,20,77,54
3942,14,92,39
3943,14,92,39
3944,20,68,50
3945,62,88,110
3946,49,72,76
3947,54,100,105
3948,15,94,40
3949,49,72,76
3950,45,64,78
3951,34,81,79
3952,20,68,50
3953,21,99,53
3954,44,62,74
3955,68,92,112
3956,32,81,79
3957,16,107,41
3958,81,96,109
3959,22,83,65
3960,20,92,56
3961,18,95,47
3962,23,101,62
3963,21,99,53
3964,20,77,54
3965,21,79,55
3966,20,92,56
3967,23,101,62
3968,57,78,92
3969,56,80,104
3970,26,80,71
3971,18,95,47
3972,40,84,92
3973,40,84,92
3974,25,95,53
3975,19,90,48
3976,16,105,43
3977,26,77,74
3978,21,79,55
3979,58,77,86
3980,57,78,92
3981,66,91,111
3982,48,92,94
3983,38,77,89
3984,59,90,108
3985,21,88,55
3986,19,76,53
3987,23,90,63
3988,34,32,26
3989,26,77,74
3990,16,98,41
3991,16,98,41
3992,21,88,55
3993,16,105,43
3994,61,82,93
3995,25,95,53
3996,20,92,56
3997,16,105,43
3998,42,78,95
3999,19,76,53
4000,26,77,74
4001,23,90,63
4002,21,79,55
4003,26,80,71
4004,20,92,56
4005,18,95,47
4006,22,74,41
4007,26,77,74
4008,42,78,95
4009,40,68,83
4010,56,80,104
4011,40,76,84
4012,16,105,43
4013,22,91,50
4014,22,91,50
4015,22,74,41
4016,22,74,41
4017,35,59,68
4018,20,92,56
4019,20,92,56
4020,19,90,48
4021,21,79,55
4022,26,80,71
4023,40,76,84
4024,42,78,95
4025,22,83,65
4026,16,105,43
4027,59,90,108
4028,38,77,89
4029,22,83,65
4030,19,90,48
4031,48,92,94
4032,25,95,53
4033,21,79,55
4034,21,79,55
4035,88,110,125
4036,22,83,65
4037,18,95,47
4038,20,92,56
4039,38,77,89
4040,61,83,96
4041,88,110,125
4042,25,95,53
4043,21,88,55
4044,20,92,56
4045,22,91,50
4046,26,80,71
4047,26,80,71
4048,71,89,106
4049,26,80,71
4050,16,105,43
4051,26,77,74
4052,23,90,63
4053,16,98,41
4054,21,88,55
4055,61,83,96
4056,19,76,53
4057,19,76,53
4058,18,66,42
4059,26,77,74
4060,18,95,47
4061,61,83,96
4062,26,80,71
4063,22,91,50
4064,26,80,71
4065,34,32,26
4066,25,95,53
4067,38,77,89
4068,22,83,65
4069,22,74,41
4070,18,95,47
4071,26,80,71
4072,22,91,50
4073,22,91,50
4074,19,90,48
4075,23,90,63
4076,18,95,47
4077,26,77,74
4078,16,105,43
4079,20,92,56
4080,16,98,41
4081,18,66,42
4082,26,77,74
4083,34,32,26
4084,88,110,125
4085,61,83,96
4086,26,80,71
4087,21,88,55
4088,21,79,55
4089,26,80,71
4090,18,66,42
4091,34,32,26
4092,42,78,95
4093,57,74,84
4094,18,66,42
4095,40,84,92
4096,22,74,41
4097,19,76,53
4098,40,76,84
4099,22,74,41
4100,18,66,42
4101,66,91,111
4102,56,80,104
4103,21,88,55
4104,16,105,43
4105,23,90,63
4106,40,76,84
4107,25,95,53
4108,19,90,48
4109,57,78,92
4110,81,105,122
4111,25,95,53
4112,22,74,41
4113,42,78,95
4114,16,98,41
4115,18,95,47
4116,58,77,86
4117,23,90,63
4118,40,76,84
4119,57,74,84
4120,19,90,48
4121,18,95,47
4122,25,95,53
4123,21,79,55
4124,40,68,83
4125,25,95,53
4126,19,90,48
4127,16,98,41
4128,21,79,55
4129,59,90,108
4130,19,90,48
4131,26,77,74
4132,20,92,56
4133,21,88,55
4134,26,77,74
4135,22,83,65
4136,19,90,48
4137,23,90,63
4138,71,89,106
4139,66,91,111
4140,40,84,92
4141,48,92,94
4142,26,77,74
4143,22,83,65
4144,22,91,50
4145,23,90,63
4146,61,82,93
4147,40,76,84
4148,40,84,92
4149,34,32,26
4150,20,92,56
4151,26,77,74
4152,18,95,47
4153,26,80,71
4154,40,76,84
4155,22,83,65
4156,23,90,63
4157,22,83,65
4158,56,80,104
4159,22,74,41
4160,18,95,47
4161,19,76,53
4162,21,79,55
4163,40,84,92
4164,25,95,53
4165,18,66,42
4166,19,76,53
4167,16,105,43
4168,18,95,47
4169,48,92,94
4170,26,80,71
4171,26,80,71
4172,22,91,50
4173,21,79,55
4174,38,77,89
4175,25,95,53
4176,25,95,53
4177,40,76,84
4178,25,95,53
4179,26,77,74
4180,40,76,84
4181,18,66,42
4182,29,75,69
4183,26,77,74
4184,18,95,47
4185,18,95,47
4186,57,78,92
4187,22,74,41
4188,46,72,96
4189,26,80,71
4190,18,66,42
4191,20,92,56
4192,26,77,74
4193,20,92,56
4194,40,84,92
4195,19,90,48
4196,59,90,108
4197,19,85,47
4198,23,90,63
4199,18,82,40
4200,19,85,47
4201,47,67,87
4202,26,77,66
4203,22,108,60
4204,21,88,55
4205,29,75,69
4206,41,69,89
4207,22,108,60
4208,14,86,43
4209,37,76,90
4210,22,88,43
4211,16,93,46
4212,33,73,78
4213,62,88,102
4214,17,104,48
4215,29,75,69
4216,39,63,83
4217,22,84,54
4218,15,74,37
4219,14,107,47
4220,47,67,87
4221,22,90,53
4222,18,82,40
4223,22,88,43
4224,16,93,46
4225,37,76,90
4226,39,63,83
4227,41,69,89
4228,15,74,37
4229,22,84,54
4230,36,69,81
4231,36,69,81
4232,14,107,47
4233,14,86,43
4234,14,107,47
4235,33,73,78
4236,36,69,81
4237,33,87,82
4238,22,108,60
4239,68,87,97
4240,33,73,78
4241,15,74,37
4242,16,93,46
4243,39,63,83
4244,26,77,66
4245,26,77,66
4246,18,82,40
4247,22,90,53
4248,39,63,83
4249,22,108,60
4250,22,89,61
4251,22,89,61
4252,33,87,82
4253,37,76,90
4254,33,73,78
4255,22,89,61
4256,22,89,61
4257,33,73,78
4258,22,88,43
4259,33,87,82
4260,29,75,69
4261,29,75,69
4262,33,73,78
4263,17,104,48
4264,14,86,43
4265,41,69,89
4266,16,93,46
4267,37,76,90
4268,15,74,37
4269,19,85,47
4270,41,69,89
4271,33,87,82
4272,22,84,54
4273,18,79,43
4274,14,107,47
4275,14,86,43
4276,26,77,66
4277,22,88,43
4278,22,108,60
4279,16,93,46
4280,18,82,40
4281,19,85,47
4282,39,63,83
4283,22,88,43
4284,26,77,66
4285,14,107,47
4286,22,90,53
4287,46,72,96
4288,22,108,60
4289,17,104,48
4290,36,69,81
4291,18,82,40
4292,14,107,47
4293,17,104,48
4294,22,89,61
4295,29,75,69
4296,22,90,53
4297,15,74,37
4298,29,75,69
4299,22,90,53
4300,33,87,82
4301,33,87,82
4302,22,89,61
4303,22,84,54
4304,26,77,66
4305,22,90,53
4306,41,69,89
4307,39,63,83
4308,14,107,47
4309,33,87,82
4310,19,85,47
4311,18,79,43
4312,37,76,90
4313,14,86,43
4314,51,71,86
4315,62,88,102
4316,22,89,61
4317,46,72,96
4318,14,86,43
4319,22,84,54
4320,22,84,54
4321,22,108,60
4322,22,108,60
4323,14,86,43
4324,22,89,61
4325,16,93,46
4326,51,71,86
4327,26,77,66
4328,14,107,47
4329,18,82,40
4330,18,79,43
4331,29,75,69
4332,29,75,69
4333,22,90,53
4334,33,87,82
4335,14,107,47
4336,39,63,83
4337,14,86,43
4338,22,90,53
4339,70,98,115
4340,39,63,83
4341,19,85,47
4342,22,108,60
4343,29,75,69
4344,17,104,48
4345,22,89,61
4346,33,73,78
4347,29,75,69
4348,61,97,111
4349,39,63,83
4350,29,75,69
4351,37,76,90
4352,22,88,43
4353,22,108,60
4354,18,79,43
4355,22,89,61
4356,18,82,40
4357,18,82,40
4358,33,73,78
4359,46,72,96
4360,22,84,54
4361,22,84,54
4362,17,104,48
4363,19,85,47
4364,22,88,43
4365,18,79,43
4366,14,86,43
4367,14,107,47
4368,14,107,47
4369,22,84,54
4370,22,88,43
4371,37,76,90
4372,33,87,82
4373,22,89,61
4374,26,77,66
4375,14,87,37
4376,14,107,47
4377,22,89,61
4378,56,87,103
4379,29,75,69
4380,22,90,53
4381,14,107,47
4382,20,84,54
4383,33,87,82
4384,15,74,37
4385,22,108,60
4386,16,83,38
4387,14,86,43
4388,34,101,81
4389,34,101,81
4390,18,104,45
4391,33,83,91
4392,24,83,49
4393,28,86,72
4394,27,91,76
4395,34,101,81
4396,21,30,20
4397,21,30,20
4398,26,38,27
4399,33,83,91
4400,24,80,54
4401,27,91,76
4402,52,78,97
4403,42,78,95
4404,16,83,38
4405,50,84,96
4406,33,83,91
4407,20,89,45
4408,14,87,37
4409,28,86,72
4410,18,104,45
4411,20,84,54
4412,28,86,72
4413,39,74,89
4414,20,89,45
4415,24,83,49
4416,16,88,43
4417,24,80,54
4418,33,83,91
4419,16,88,43
4420,18,76,38
4421,34,101,81
4422,24,83,49
4423,21,30,20
4424,16,88,43
4425,26,38,27
4426,27,91,76
4427,24,80,54
4428,24,68,39
4429,33,83,91
4430,21,30,20
4431,14,72,35
4432,20,84,54
4433,21,30,20
4434,20,84,54
4435,33,83,91
4436,24,68,39
4437,30,73,75
4438,30,73,75
4439,27,91,76
4440,24,80,54
4441,42,78,95
4442,20,89,45
4443,30,73,75
4444,14,72,35
4445,50,84,96
4446,28,86,72
4447,30,73,75
4448,34,101,81
4449,14,87,37
4450,24,68,39
4451,18,104,45
4452,42,84,70
4453,26,38,27
4454,33,83,91
4455,33,83,91
4456,24,83,49
4457,20,89,45
4458,18,104,45
4459,34,101,81
4460,24,80,54
4461,16,88,43
4462,16,88,43
4463,39,74,89
4464,33,83,91
4465,34,101,81
4466,24,83,49
4467,18,104,45
4468,33,83,91
4469,20,84,54
4470,43,65,79
4471,26,38,27
4472,34,101,81
4473,28,86,72
4474,24,83,49
4475,24,83,49
4476,16,83,38
4477,18,76,38
4478,42,78,95
4479,34,101,81
4480,24,80,54
4481,28,86,72
4482,24,68,39
4483,14,72,35
4484,24,80,54
4485,20,89,45
4486,20,84,54
4487,33,83,91
4488,34,101,81
4489,20,89,45
4490,21,30,20
4491,29,104,55
4492,14,72,35
4493,34,101,81
4494,33,83,91
4495,24,83,49
4496,16,88,43
4497,43,65,79
4498,27,91,76
4499,14,72,35
4500,28,86,72
4501,33,83,91
4502,20,89,45
4503,18,76,38
4504,68,93,103
4505,34,101,81
4506,18,76,38
4507,18,76,38
4508,30,73,75
4509,30,73,75
4510,34,101,81
4511,16,83,38
4512,16,88,43
4513,20,89,45
4514,33,83,91
4515,28,86,72
4516,28,86,72
4517,30,73,75
4518,21,30,20
4519,20,84,54
4520,14,72,35
4521,14,72,35
4522,14,72,35
4523,28,86,72
4524,14,72,35
4525,42,78,95
4526,30,73,75
4527,34,101,81
4528,14,72,35
4529,39,74,89
4530,33,83,91
4531,38,33,23
4532,18,76,38
4533,34,101,81
4534,18,61,44
4535,34,101,81
4536,24,83,49
4537,30,73,75
4538,39,29,25
4539,18,61,44
4540,42,84,70
4541,20,79,58
4542,32,74,78
4543,32,74,78
4544,39,36,23
4545,44,34,26
4546,44,98,101
4547,44,34,26
4548,20,79,58
4549,42,84,70
4550,19,16,13
4551,19,53,43
4552,39,36,23
4553,38,33,23
4554,32,74,78
4555,19,53,43
4556,20,79,58
4557,44,34,26
4558,39,38,27
4559,19,53,43
4560,19,16,13
4561,18,61,44
4562,32,74,78
4563,32,74,78
4564,44,98,101
4565,32,74,78
4566,44,98,101
4567,18,61,44
4568,31,30,26
4569,20,79,58
4570,18,61,44
4571,20,79,58
4572,44,98,101
4573,32,74,78
4574,20,79,58
4575,64,81,100
4576,42,84,70
4577,44,98,101
4578,20,79,58
4579,32,74,78
4580,43,37,27
4581,20,79,58
4582,38,90,88
4583,32,74,78
4584,39,38,27
4585,20,79,58
4586,44,98,101
4587,18,61,44
4588,19,53,43
4589,29,104,55
4590,20,79,58
4591,34,86,66
4592,32,74,78
4593,29,84,71
4594,38,90,88
4595,29,84,71
4596,44,98,101
4597,43,37,27
4598,44,98,101
4599,29,84,71
4600,29,104,55
4601,44,98,101
4602,32,74,78
4603,18,61,44
4604,42,84,70
4605,18,61,44
4606,44,98,101
4607,42,84,70
4608,20,79,58
4609,42,84,70
4610,32,74,78
4611,34,86,66
4612,24,22,18
4613,28,33,23
4614,23,73,68
4615,40,88,88
4616,33,72,83
4617,33,72,83
4618,34,86,66
4619,33,72,83
4620,28,33,23
4621,23,73,68
4622,34,86,66
4623,23,73,68
4624,40,88,88
4625,28,33,23
4626,71,104,123
4627,34,86,66
4628,21,114,51
4629,33,72,83
4630,28,33,23
4631,28,84,59
4632,33,72,83
4633,23,73,68
4634,34,86,66
4635,28,84,59
4636,33,72,83
4637,34,86,66
4638,40,88,88
4639,33,72,83
4640,33,72,83
4641,23,73,68
4642,28,33,23
4643,34,86,66
4644,40,88,88
4645,23,73,68
4646,34,86,66
4647,23,73,68
4648,28,84,59
4649,37,91,95
4650,23,73,68
4651,37,91,95
4652,37,91,95
4653,31,68,77
4654,31,68,77
4655,27,80,58
4656,27,80,58
4657,50,80,72
4658,27,80,58
4659,27,80,58
4660,31,68,77
4661,37,91,95
4662,27,80,58
4663,31,68,77
4664,31,68,77
4665,25,83,70
4666,31,68,77
4667,27,80,58
4668,25,83,70
4669,53,95,97
4670,21,114,51
4671,21,87,62
4672,21,87,62
4673,21,87,62
4674,21,114,51
4675,33,32,27
4676,21,114,51
4677,33,32,27
4678,41,79,86
4679,21,87,62
4680,56,99,111
4681,41,79,86
4682,41,79,86
4683,24,78,56
4684,33,31,23
4685,35,33,22
4686,24,23,20
4687,36,34,27
4688,26,25,23
4689,26,25,23
4690,26,25,23
4691,25,24,20
4692,25,24,20
4693,25,24,20
4694,24,22,19
4695,24,22,19
4696,20,19,16
4697,24,22,19
4698,20,19,16
4699,20,19,16
4700,20,19,16
4701,28,28,25
4702,28,28,25
4703,28,28,25
4704,20,19,16
4705,255,255,24
4706,28,37,26
4707,28,37,26
4708,28,37,26
4709,28,37,26
4710,30,47,22
4711,30,47,22
4712,48,68,81
4713,19,106,44
4714,24,59,39
4715,22,97,51
4716,12,94,32
4717,38,98,51
4718,38,98,51
4719,16,75,38
4720,172,173,47
4721,19,87,50
4722,24,107,55
4723,24,107,55
4724,22,100,54
4725,13,88,39
4726,22,100,54
4727,24,107,55
4728,22,100,54
4729,41,85,84
4730,23,109,54
4731,23,109,54
4732,23,106,65
4733,22,95,53
4734,23,105,65
4735,20,121,62
4736,20,121,62
4737,34,44,20
4738,19,101,48
4739,21,105,55
4740,190,193,55
4741,12,95,39
4742,21,105,55
4743,23,98,57
4744,21,95,51
4745,20,121,62
4746,14,110,44
4747,22,95,53
4748,20,121,62
4749,20,121,62
4750,190,193,55
4751,21,95,51
4752,18,107,46
4753,18,107,46
4754,12,95,39
4755,22,95,53
4756,23,98,57
4757,21,105,55
4758,20,121,62
4759,14,110,44
4760,21,100,59
4761,26,25,22
4762,18,107,46
4763,23,105,65
4764,14,110,44
4765,20,121,62
4766,21,95,51
4767,21,105,55
4768,12,95,39
4769,21,95,51
4770,12,95,39
4771,38,131,78
4772,24,111,64
4773,24,105,68
4774,16,117,47
4775,22,97,55
4776,35,130,62
4777,14,44,21
4778,17,99,52
4779,16,117,47
4780,24,105,68
4781,16,117,47
4782,27,137,64
4783,38,131,78
4784,24,105,68
4785,35,130,62
4786,24,132,53
4787,38,131,78
4788,24,105,68
4789,16,103,44
4790,24,105,68
4791,16,103,44
4792,35,130,62
4793,16,117,47
4794,16,117,47
4795,24,132,53
4796,16,103,44
4797,16,117,47
4798,25,72,51
4799,35,130,62
4800,35,130,62
4801,22,97,55
4802,25,72,51
4803,38,131,78
4804,25,72,51
4805,16,117,47
4806,14,44,21
4807,14,44,21
4808,14,44,21
4809,38,131,78
4810,28,12,9
4811,16,117,47
4812,16,103,44
4813,27,137,64
4814,38,131,78
4815,23,127,66
4816,14,44,21
4817,28,12,9
4818,22,77,53
4819,17,102,54
4820,26,106,55
4821,22,63,54
4822,24,68,39
4823,18,103,48
4824,21,120,54
4825,18,116,57
4826,18,103,48
4827,24,91,40
4828,23,81,45
4829,25,55,55
4830,25,111,48
4831,24,91,40
4832,18,103,48
4833,26,106,55
4834,24,91,40
4835,39,125,80
4836,18,92,46
4837,210,208,60
4838,22,63,54
4839,39,125,80
4840,46,141,97
4841,21,120,54
4842,24,91,40
4843,17,102,54
4844,26,106,55
4845,23,81,45
4846,24,91,40
4847,46,141,97
4848,18,92,46
4849,25,87,69
4850,182,177,88
4851,22,63,54
4852,18,92,46
4853,17,102,54
4854,22,63,54
4855,24,91,40
4856,25,111,48
4857,18,92,46
4858,21,120,54
4859,18,103,48
4860,25,111,48
4861,26,106,55
4862,22,63,54
4863,25,111,48
4864,17,120,52
4865,25,55,55
4866,23,102,61
4867,24,65,32
4868,23,102,61
4869,25,122,59
4870,23,81,53
4871,26,61,61
4872,21,107,55
4873,43,61,74
4874,25,117,71
4875,22,109,55
4876,18,97,49
4877,18,94,47
4878,18,94,47
4879,18,94,47
4880,18,94,47
4881,21,108,54
4882,24,65,32
4883,25,117,71
4884,24,65,32
4885,23,102,61
4886,29,71,59
4887,20,104,42
4888,23,129,57
4889,25,117,71
4890,23,81,53
4891,23,102,61
4892,21,108,54
4893,25,117,71
4894,23,112,63
4895,24,65,32
4896,25,117,71
4897,29,71,59
4898,53,86,102
4899,24,65,32
4900,25,117,71
4901,25,117,71
4902,40,129,80
4903,40,129,80
4904,18,94,47
4905,33,64,38
4906,18,122,46
4907,112,125,53
4908,48,69,78
4909,17,94,44
4910,28,99,51
4911,19,93,36
4912,19,97,53
4913,22,89,66
4914,15,68,34
4915,21,93,56
4916,22,120,63
4917,15,68,34
4918,23,87,54
4919,60,78,99
4920,22,97,58
4921,20,109,55
4922,29,94,63
4923,23,87,54
4924,26,107,64
4925,38,59,33
4926,23,32,29
4927,28,58,68
4928,38,59,33
4929,23,105,59
4930,26,107,64
4931,32,56,44
4932,18,104,48
4933,28,58,68
4934,23,105,59
4935,18,125,52
4936,20,116,49
4937,22,108,63
4938,21,90,56
4939,69,91,111
4940,33,91,75
4941,21,112,57
4942,20,98,47
4943,19,93,55
4944,33,91,75
4945,19,66,42
4946,21,112,57
4947,22,104,56
4948,20,113,54
4949,19,66,42
4950,33,91,75
4951,20,98,47
4952,21,108,54
4953,20,98,47
4954,32,69,58
4955,33,91,75
4956,26,98,66
4957,22,110,58
4958,22,112,56
4959,22,91,60
4960,57,79,90
4961,22,112,56
4962,22,91,60
4963,21,119,54
4964,18,76,41
4965,42,89,73
4966,18,76,41
4967,21,109,58
4968,36,48,42
4969,51,76,78
4970,23,103,53
4971,25,123,61
4972,42,89,73
4973,23,103,53
4974,33,60,75
4975,42,89,73
4976,20,98,49
4977,22,98,55
4978,22,98,55
4979,33,71,78
4980,24,95,63
4981,23,47,57
4982,22,105,67
4983,24,84,68
4984,22,100,58
4985,22,105,67
4986,22,100,58
4987,21,108,55
4988,22,100,58
4989,22,105,67
4990,22,105,67
4991,33,71,78
4992,21,108,55
4993,16,107,41
4994,22,99,56
4995,21,99,53
4996,16,107,41
4997,22,99,56
4998,16,107,41
4999,16,107,41
5000,16,107,41
5001,21,99,53
5002,16,107,41
5003,28,98,54
5004,16,107,41
5005,18,73,41
5006,34,81,79
5007,32,81,79
5008,32,81,79
5009,34,81,79
5010,16,107,41
5011,20,68,50
5012,32,81,79
5013,34,81,79
5014,44,62,74
5015,31,31,27
5016,61,83,96
5017,19,76,53
5018,61,83,96
5019,18,82,40
5020,22,84,54
5021,14,107,47
5022,34,101,81
5023,33,83,91
5024,24,83,49
5025,24,80,54
5026,42,78,95
5027,19,53,43
5028,32,74,78
5029,42,84,70
5030,20,79,58
5031,29,104,55
5032,29,104,55
5033,34,86,66
5034,28,84,59
5035,30,30,25
5036,41,79,86
5037,20,19,16
5038,20,19,16
5039,20,19,16
5040,20,19,16
